Year,Round,Region Number,Region Name,Seed 1,Score 1,Team 1,Team 2,Score 2,Seed 2
1994,1,1,East,1,79,Connecticut,Brown,60,16
1994,1,1,East,8,51,Virginia Tech,Auburn,60,9
1994,1,1,East,5,73,Rutgers,Western Kentucky,84,12
1994,1,1,East,4,86,Southern Mississippi,Tennessee St,72,13
1994,1,1,East,6,56,Old Dominion,St Josephs,55,11
1994,1,1,East,3,101,North Carolina,Georgia Southern,53,14
1994,1,1,East,7,76,Notre Dame,Minnesota,81,10
1994,1,1,East,2,95,Vanderbilt,Grambling,85,15
1994,2,1,East,1,81,Connecticut,Auburn,59,9
1994,2,1,East,12,69,Western Kentucky,Southern Mississippi,72,4
1994,2,1,East,6,52,Old Dominion,North Carolina,63,3
1994,2,1,East,10,72,Minnesota,Vanderbilt,98,2
1994,3,1,East,1,78,Connecticut,Southern Mississippi,64,4
1994,3,1,East,3,73,North Carolina,Vanderbilt,69,2
1994,4,1,East,1,69,Connecticut,North Carolina,81,3
1994,1,2,Mideast,1,111,Tennessee,North Carolina A&T,37,16
1994,1,2,Mideast,8,64,Florida International,Clemson,65,9
1994,1,2,Mideast,5,83,Ole Miss,Indiana,61,12
1994,1,2,Mideast,4,96,Louisiana Tech,SMU,62,13
1994,1,2,Mideast,6,75,Southwest Missouri St,Northern Illinois,56,11
1994,1,2,Mideast,3,72,Virginia,Loyola Maryland,47,14
1994,1,2,Mideast,7,74,George Washington,UAB,66,10
1994,1,2,Mideast,2,77,USC,Portland,62,15
1994,2,2,Mideast,1,78,Tennessee,Clemson,66,9
1994,2,2,Mideast,5,67,Ole Miss,Louisiana Tech,82,4
1994,2,2,Mideast,6,63,Southwest Missouri St,Virginia,67,3
1994,2,2,Mideast,7,72,George Washington,USC,76,2
1994,3,2,Mideast,1,68,Tennessee,Louisiana Tech,71,4
1994,3,2,Mideast,3,66,Virginia,USC,85,2
1994,4,2,Mideast,4,75,Louisiana Tech,USC,66,2
1994,1,3,Midwest,1,94,Penn St,Fordham,41,16
1994,1,3,Midwest,8,62,Stephen F Austin,Kansas,72,9
1994,1,3,Midwest,5,75,Texas,Oklahoma St,67,12
1994,1,3,Midwest,4,70,Seton Hall,Vermont,60,13
1994,1,3,Midwest,6,96,Alabama,Oregon St,86,11
1994,1,3,Midwest,3,70,Iowa,Mount St Marys,47,14
1994,1,3,Midwest,7,73,Bowling Green,Creighton,84,10
1994,1,3,Midwest,2,75,Texas Tech,Missouri,61,15
1994,2,3,Midwest,1,85,Penn St,Kansas,68,9
1994,2,3,Midwest,5,66,Texas,Seton Hall,71,4
1994,2,3,Midwest,6,84,Alabama,Iowa,78,3
1994,2,3,Midwest,10,65,Creighton,Texas Tech,75,2
1994,3,3,Midwest,1,64,Penn St,Seton Hall,60,4
1994,3,3,Midwest,6,73,Alabama,Texas Tech,68,2
1994,4,3,Midwest,1,82,Penn St,Alabama,96,6
1994,1,4,West,1,103,Purdue,Radford,56,16
1994,1,4,West,8,89,Washington,Boise St,61,9
1994,1,4,West,5,81,San Diego St,Hawaii,75,12
1994,1,4,West,4,76,Florida,Texas A&M,78,13
1994,1,4,West,6,74,Oregon,Santa Clara,59,11
1994,1,4,West,3,77,Colorado,Marquette,74,14
1994,1,4,West,7,77,Montana,UNLV,67,10
1994,1,4,West,2,81,Stanford,Wisconsin Green Bay,56,15
1994,2,4,West,1,86,Purdue,Washington,59,8
1994,2,4,West,5,72,San Diego St,Texas A&M,75,13
1994,2,4,West,6,71,Oregon,Colorado,92,3
1994,2,4,West,7,62,Montana,Stanford,66,2
1994,3,4,West,1,82,Purdue,Texas A&M,56,13
1994,3,4,West,3,62,Colorado,Stanford,78,2
1994,4,4,West,1,82,Purdue,Stanford,65,2
1994,5,0,National,3,89,North Carolina,Purdue,74,1
1994,5,0,National,4,69,Louisiana Tech,Alabama,66,6
1994,6,0,National,3,60,North Carolina,Louisiana Tech,59,4
1995,1,1,East,1,105,Connecticut,Maine,75,16
1995,1,1,East,8,62,Virginia Tech,St Josephs,52,9
1995,1,1,East,5,76,Duke,Oklahoma St,64,12
1995,1,1,East,4,82,Alabama,Mount St Marys,55,13
1995,1,1,East,6,89,Florida,Radford,49,11
1995,1,1,East,3,71,Virginia,Dartmouth,68,14
1995,1,1,East,7,90,Oklahoma,Loyola Maryland,55,10
1995,1,1,East,2,90,Louisiana Tech,Furman,52,15
1995,2,1,East,1,91,Connecticut,Virginia Tech,45,8
1995,2,1,East,5,120,Duke,Alabama,121,4
1995,2,1,East,6,67,Florida,Virginia,72,3
1995,2,1,East,7,36,Oklahoma,Louisiana Tech,48,2
1995,3,1,East,1,87,Connecticut,Alabama,56,4
1995,3,1,East,3,63,Virginia,Louisiana Tech,62,2
1995,4,1,East,1,67,Connecticut,Virginia,63,3
1995,1,2,Mideast,1,96,Tennessee,Florida A&M,59,16
1995,1,2,Mideast,8,76,Old Dominion,Florida International,81,9
1995,1,2,Mideast,5,88,Oregon St,Tennessee St,75,12
1995,1,2,Mideast,4,77,Western Kentucky,Toledo,63,13
1995,1,2,Mideast,6,67,Arkansas,San Francisco,58,11
1995,1,2,Mideast,3,73,Washington,Ohio,56,14
1995,1,2,Mideast,7,72,Kansas,Wisconsin,73,10
1995,1,2,Mideast,2,87,Texas Tech,Tulane,72,15
1995,2,2,Mideast,1,70,Tennessee,Florida International,44,9
1995,2,2,Mideast,5,78,Oregon St,Western Kentucky,85,4
1995,2,2,Mideast,6,50,Arkansas,Washington,54,3
1995,2,2,Mideast,10,65,Wisconsin,Texas Tech,88,2
1995,3,2,Mideast,1,87,Tennessee,Western Kentucky,65,4
1995,3,2,Mideast,3,52,Washington,Texas Tech,67,2
1995,4,2,Mideast,1,80,Tennessee,Texas Tech,59,2
1995,1,3,Midwest,1,83,Colorado,Holy Cross,49,16
1995,1,3,Midwest,8,47,Utah,Southwest Missouri St,49,9
1995,1,3,Midwest,5,87,Drake,Ole Miss,81,12
1995,1,3,Midwest,4,87,George Washington,DePaul,79,13
1995,1,3,Midwest,6,65,Oregon,Louisville,67,11
1995,1,3,Midwest,3,81,Georgia,Indiana,64,14
1995,1,3,Midwest,7,77,NC State,Marquette,62,10
1995,1,3,Midwest,2,75,Penn St,Jackson St,62,15
1995,2,3,Midwest,1,78,Colorado,Southwest Missouri St,34,9
1995,2,3,Midwest,5,93,Drake,George Washington,96,4
1995,2,3,Midwest,11,68,Louisville,Georgia,81,3
1995,2,3,Midwest,7,76,NC State,Penn St,74,2
1995,3,3,Midwest,1,77,Colorado,George Washington,61,4
1995,3,3,Midwest,3,98,Georgia,NC State,79,7
1995,4,3,Midwest,1,79,Colorado,Georgia,82,3
1995,1,4,West,1,90,Vanderbilt,Northern Illinois,44,16
1995,1,4,West,8,74,Memphis,USC,72,9
1995,1,4,West,5,46,San Diego St,Montana,57,12
1995,1,4,West,4,74,Purdue,Portland,59,13
1995,1,4,West,6,73,Seton Hall,Stephen F Austin,63,11
1995,1,4,West,3,89,North Carolina,Western Illinois,48,14
1995,1,4,West,7,95,Southern Mississippi,SMU,96,10
1995,1,4,West,2,88,Stanford,Cal Irvine,55,15
1995,2,4,West,1,95,Vanderbilt,Memphis,68,8
1995,2,4,West,12,51,Montana,Purdue,62,4
1995,2,4,West,6,45,Seton Hall,North Carolina,59,3
1995,2,4,West,10,73,SMU,Stanford,95,2
1995,3,4,West,1,66,Vanderbilt,Purdue,67,4
1995,3,4,West,3,71,North Carolina,Stanford,81,2
1995,4,4,West,4,58,Purdue,Stanford,69,2
1995,5,0,National,1,87,Connecticut,Stanford,60,2
1995,5,0,National,1,73,Tennessee,Georgia,51,3
1995,6,0,National,1,70,Connecticut,Tennessee,64,1
1996,1,1,East,1,97,Tennessee,Radford,56,16
1996,1,1,East,8,75,Memphis,Ohio St,97,9
1996,1,1,East,5,73,Texas,Southwest Missouri St,55,12
1996,1,1,East,4,72,Kansas,Middle Tennessee St,57,13
1996,1,1,East,6,83,George Washington,Maine,67,11
1996,1,1,East,3,100,Virginia,Manhattan,55,14
1996,1,1,East,7,53,Ole Miss,Toledo,65,10
1996,1,1,East,2,83,Old Dominion,Holy Cross,56,15
1996,2,1,East,1,97,Tennessee,Ohio St,65,9
1996,2,1,East,5,70,Texas,Kansas,77,4
1996,2,1,East,6,43,George Washington,Virginia,62,3
1996,2,1,East,10,66,Toledo,Old Dominion,72,2
1996,3,1,East,1,92,Tennessee,Kansas,71,4
1996,3,1,East,3,72,Virginia,Old Dominion,60,2
1996,4,1,East,1,52,Tennessee,Virginia,46,3
1996,1,2,Mideast,1,94,Connecticut,Howard,63,16
1996,1,2,Mideast,8,57,Massachusetts,Michigan St,60,9
1996,1,2,Mideast,5,61,Florida,San Francisco,68,12
1996,1,2,Mideast,4,85,Duke,James Madison,53,13
1996,1,2,Mideast,6,74,Wisconsin,Oregon,60,11
1996,1,2,Mideast,3,100,Vanderbilt,Harvard,83,14
1996,1,2,Mideast,7,96,DePaul,SMU,82,10
1996,1,2,Mideast,2,72,Iowa,Butler,67,15
1996,2,2,Mideast,1,88,Connecticut,Michigan St,68,9
1996,2,2,Mideast,12,64,San Francisco,Duke,60,4
1996,2,2,Mideast,6,82,Wisconsin,Vanderbilt,96,3
1996,2,2,Mideast,7,71,DePaul,Iowa,72,2
1996,3,2,Mideast,1,72,Connecticut,San Francisco,44,12
1996,3,2,Mideast,3,74,Vanderbilt,Iowa,63,2
1996,4,2,Mideast,1,67,Connecticut,Vanderbilt,57,3
1996,1,3,Midwest,1,98,Louisiana Tech,Central Florida,41,16
1996,1,3,Midwest,8,66,Utah,Southern Mississippi,74,9
1996,1,3,Midwest,5,60,Purdue,Notre Dame,73,12
1996,1,3,Midwest,4,78,Texas Tech,Portland,61,13
1996,1,3,Midwest,6,65,Oregon St,Stephen F Austin,67,11
1996,1,3,Midwest,3,79,Clemson,Austin Peay,52,14
1996,1,3,Midwest,7,90,Oklahoma St,Rhode Island,82,10
1996,1,3,Midwest,2,98,Georgia,St Francis,66,15
1996,2,3,Midwest,1,84,Louisiana Tech,Southern Mississippi,46,9
1996,2,3,Midwest,12,67,Notre Dame,Texas Tech,82,4
1996,2,3,Midwest,11,93,Stephen F Austin,Clemson,88,3
1996,2,3,Midwest,7,55,Oklahoma St,Georgia,83,2
1996,3,3,Midwest,1,66,Louisiana Tech,Texas Tech,55,4
1996,3,3,Midwest,11,64,Stephen F Austin,Georgia,78,2
1996,4,3,Midwest,1,76,Louisiana Tech,Georgia,90,2
1996,1,4,West,1,82,Stanford,Grambling,43,16
1996,1,4,West,8,66,Colorado St,Nebraska,62,9
1996,1,4,West,5,77,NC State,Montana,68,12
1996,1,4,West,4,95,Alabama,Appalachian St,66,13
1996,1,4,West,6,73,Auburn,Hawaii,53,11
1996,1,4,West,3,83,Colorado,Tulane,75,14
1996,1,4,West,7,68,Texas A&M,Kent St,72,10
1996,1,4,West,2,94,Penn St,Youngstown State,71,15
1996,2,4,West,1,94,Stanford,Colorado St,63,8
1996,2,4,West,5,68,NC State,Alabama,88,4
1996,2,4,West,6,68,Auburn,Colorado,61,3
1996,2,4,West,10,59,Kent St,Penn St,86,2
1996,3,4,West,1,78,Stanford,Alabama,76,4
1996,3,4,West,6,75,Auburn,Penn St,69,2
1996,4,4,West,1,71,Stanford,Auburn,57,6
1996,5,0,National,1,88,Tennessee,Connecticut,83,1
1996,5,0,National,2,86,Georgia,Stanford,76,1
1996,6,0,National,1,83,Tennessee,Georgia,65,2
1997,1,1,East,1,78,North Carolina,Harvard,53,16
1997,1,1,East,8,75,Michigan St,Portland,70,9
1997,1,1,East,5,61,George Washington,Northwestern,46,12
1997,1,1,East,4,72,Tulane,Santa Barbara,69,13
1997,1,1,East,6,93,Notre Dame,Memphis,62,11
1997,1,1,East,3,66,Texas,Southwest Texas St,38,14
1997,1,1,East,7,70,St Josephs,Kansas St,52,10
1997,1,1,East,2,94,Alabama,St Francis,50,15
1997,2,1,East,1,81,North Carolina,Michigan St,71,8
1997,2,1,East,5,81,George Washington,Tulane,67,4
1997,2,1,East,6,86,Notre Dame,Texas,83,3
1997,2,1,East,7,52,St Josephs,Alabama,61,2
1997,3,1,East,1,46,North Carolina,George Washington,55,5
1997,3,1,East,6,87,Notre Dame,Alabama,71,2
1997,4,1,East,5,52,George Washington,Notre Dame,62,6
1997,1,2,Mideast,1,102,Old Dominion,Liberty,52,16
1997,1,2,Mideast,8,74,Purdue,Maryland,48,9
1997,1,2,Mideast,5,66,Clemson,Marquette,70,12
1997,1,2,Mideast,4,88,LSU,Maine,79,13
1997,1,2,Mideast,6,68,USC,San Francisco,55,11
1997,1,2,Mideast,3,92,Florida,Florida International,68,14
1997,1,2,Mideast,7,68,Auburn,Louisville,65,10
1997,1,2,Mideast,2,94,Louisiana Tech,St Peters,50,15
1997,2,2,Mideast,1,69,Old Dominion,Purdue,65,8
1997,2,2,Mideast,12,58,Marquette,LSU,71,4
1997,2,2,Mideast,6,78,USC,Florida,92,3
1997,2,2,Mideast,7,48,Auburn,Louisiana Tech,74,2
1997,3,2,Mideast,1,62,Old Dominion,LSU,49,4
1997,3,2,Mideast,3,71,Florida,Louisiana Tech,57,2
1997,4,2,Mideast,1,53,Old Dominion,Florida,51,3
1997,1,3,Midwest,1,103,Connecticut,Lehigh,35,16
1997,1,3,Midwest,8,50,NC State,Iowa,56,9
1997,1,3,Midwest,5,70,Duke,DePaul,56,12
1997,1,3,Midwest,4,79,Illinois,Drake,62,13
1997,1,3,Midwest,6,80,Oregon,San Diego St,68,11
1997,1,3,Midwest,3,91,Tennessee,Grambling,54,14
1997,1,3,Midwest,7,79,Stephen F Austin,Toledo,66,10
1997,1,3,Midwest,2,69,Colorado,Marshall,49,15
1997,2,3,Midwest,1,72,Connecticut,Iowa,53,9
1997,2,3,Midwest,5,67,Duke,Illinois,85,4
1997,2,3,Midwest,6,59,Oregon,Tennessee,76,3
1997,2,3,Midwest,7,57,Stephen F Austin,Colorado,66,2
1997,3,3,Midwest,1,78,Connecticut,Illinois,73,4
1997,3,3,Midwest,3,75,Tennessee,Colorado,67,2
1997,4,3,Midwest,1,81,Connecticut,Tennessee,91,3
1997,1,4,West,1,111,Stanford,Howard,59,16
1997,1,4,West,8,47,Texas Tech,Montana,45,9
1997,1,4,West,5,66,Utah,Iowa St,57,12
1997,1,4,West,4,96,Virginia,Troy,74,13
1997,1,4,West,6,74,Vanderbilt,Washington,62,11
1997,1,4,West,3,81,Kansas,Detroit,67,14
1997,1,4,West,7,76,Arizona,Western Kentucky,54,10
1997,1,4,West,2,91,Georgia,Eastern Kentucky,55,15
1997,2,4,West,1,67,Stanford,Texas Tech,45,8
1997,2,4,West,5,46,Utah,Virginia,65,4
1997,2,4,West,6,51,Vanderbilt,Kansas,44,3
1997,2,4,West,7,74,Arizona,Georgia,80,2
1997,3,4,West,1,91,Stanford,Virginia,69,4
1997,3,4,West,6,52,Vanderbilt,Georgia,66,2
1997,4,4,West,1,82,Stanford,Georgia,47,2
1997,5,0,National,6,66,Notre Dame,Tennessee,80,3
1997,5,0,National,1,83,Old Dominion,Stanford,82,1
1997,6,0,National,3,68,Tennessee,Old Dominion,59,1
1998,1,1,East,1,92,Old Dominion,St Francis,39,16
1998,1,1,East,8,59,New Mexico,Nebraska,76,9
1998,1,1,East,5,80,Memphis,Youngstown State,91,12
1998,1,1,East,4,89,NC State,Maine,64,13
1998,1,1,East,6,77,Virginia,SMU,68,11
1998,1,1,East,3,75,Arizona,Santa Clara,63,14
1998,1,1,East,7,72,Georgia,George Washington,74,10
1998,1,1,East,2,93,Connecticut,Fairfield,52,15
1998,2,1,East,1,75,Old Dominion,Nebraska,60,9
1998,2,1,East,12,61,Youngstown State,NC State,88,4
1998,2,1,East,6,77,Virginia,Arizona,94,3
1998,2,1,East,10,67,George Washington,Connecticut,75,2
1998,3,1,East,1,54,Old Dominion,NC State,55,4
1998,3,1,East,3,57,Arizona,Connecticut,74,2
1998,4,1,East,4,60,NC State,Connecticut,52,2
1998,1,2,Mideast,1,102,Tennessee,Liberty,58,16
1998,1,2,Mideast,8,88,Western Kentucky,Stephen F Austin,76,9
1998,1,2,Mideast,5,79,Rutgers,Oregon,76,12
1998,1,2,Mideast,4,79,Iowa St,Kent St,76,13
1998,1,2,Mideast,6,71,Vanderbilt,Santa Barbara,76,11
1998,1,2,Mideast,3,82,Illinois,Wisconsin Green Bay,58,14
1998,1,2,Mideast,7,59,Florida International,Marquette,45,10
1998,1,2,Mideast,2,91,North Carolina,Howard,71,15
1998,2,2,Mideast,1,82,Tennessee,Western Kentucky,62,8
1998,2,2,Mideast,5,62,Rutgers,Iowa St,61,4
1998,2,2,Mideast,11,65,Santa Barbara,Illinois,69,3
1998,2,2,Mideast,7,72,Florida International,North Carolina,85,2
1998,3,2,Mideast,1,92,Tennessee,Rutgers,60,5
1998,3,2,Mideast,3,74,Illinois,North Carolina,80,2
1998,4,2,Mideast,1,76,Tennessee,North Carolina,70,2
1998,1,3,Midwest,1,87,Texas Tech,Grambling,75,16
1998,1,3,Midwest,8,64,Southwest Missouri St,Notre Dame,78,9
1998,1,3,Midwest,5,75,Drake,Colorado St,81,12
1998,1,3,Midwest,4,88,Purdue,Washington,71,13
1998,1,3,Midwest,6,60,Clemson,Miami,49,11
1998,1,3,Midwest,3,86,Louisiana Tech,Holy Cross,58,14
1998,1,3,Midwest,7,65,UCLA,Michigan,58,10
1998,1,3,Midwest,2,94,Alabama,UNC Greensboro,46,15
1998,2,3,Midwest,1,59,Texas Tech,Notre Dame,74,9
1998,2,3,Midwest,12,63,Colorado St,Purdue,77,4
1998,2,3,Midwest,6,52,Clemson,Louisiana Tech,74,3
1998,2,3,Midwest,7,74,UCLA,Alabama,75,2
1998,3,3,Midwest,9,65,Notre Dame,Purdue,70,4
1998,3,3,Midwest,3,71,Louisiana Tech,Alabama,57,2
1998,4,3,Midwest,4,65,Purdue,Louisiana Tech,72,3
1998,1,4,West,1,67,Stanford,Harvard,71,16
1998,1,4,West,8,70,Hawaii,Arkansas,76,9
1998,1,4,West,5,72,Kansas,Tulane,68,12
1998,1,4,West,4,77,Iowa,Massachusetts,59,13
1998,1,4,West,6,64,Wisconsin,Virginia Tech,75,11
1998,1,4,West,3,85,Florida,Montana,64,14
1998,1,4,West,7,61,Utah,Louisville,69,10
1998,1,4,West,2,92,Duke,Middle Tennessee St,67,15
1998,2,4,West,16,64,Harvard,Arkansas,82,9
1998,2,4,West,5,62,Kansas,Iowa,58,4
1998,2,4,West,11,57,Virginia Tech,Florida,89,3
1998,2,4,West,10,53,Louisville,Duke,69,2
1998,3,4,West,9,79,Arkansas,Kansas,63,5
1998,3,4,West,3,58,Florida,Duke,71,2
1998,4,4,West,9,77,Arkansas,Duke,72,2
1998,5,0,National,4,65,NC State,Louisiana Tech,84,3
1998,5,0,National,1,86,Tennessee,Arkansas,58,9
1998,6,0,National,3,75,Louisiana Tech,Tennessee,93,1
1999,1,1,East,1,113,Tennessee,Appalachian St,54,16
1999,1,1,East,8,72,Boston College,Ohio St,59,9
1999,1,1,East,5,69,Auburn,Texas,61,12
1999,1,1,East,4,73,Virginia Tech,St Peters,48,13
1999,1,1,East,6,72,Tulane,St Josephs,83,11
1999,1,1,East,3,79,Duke,Holy Cross,51,14
1999,1,1,East,7,58,Stanford,Maine,60,10
1999,1,1,East,2,74,Old Dominion,Tennessee Tech,48,15
1999,2,1,East,1,89,Tennessee,Boston College,62,8
1999,2,1,East,5,61,Auburn,Virginia Tech,76,4
1999,2,1,East,11,60,St Josephs,Duke,66,3
1999,2,1,East,10,62,Maine,Old Dominion,72,2
1999,3,1,East,1,68,Tennessee,Virginia Tech,52,4
1999,3,1,East,3,76,Duke,Old Dominion,63,2
1999,4,1,East,1,63,Tennessee,Duke,69,3
1999,1,2,Mideast,1,97,Connecticut,St Francis,46,16
1999,1,2,Mideast,8,85,Xavier,Florida International,71,9
1999,1,2,Mideast,5,65,Oregon,Cincinnati,56,12
1999,1,2,Mideast,4,74,Iowa St,Santa Clara,61,13
1999,1,2,Mideast,6,76,Toledo,SMU,91,11
1999,1,2,Mideast,3,73,Georgia,Liberty,52,14
1999,1,2,Mideast,7,69,Illinois,Louisville,67,10
1999,1,2,Mideast,2,76,Clemson,Florida A&M,45,15
1999,2,2,Mideast,1,86,Connecticut,Xavier,84,8
1999,2,2,Mideast,5,70,Oregon,Iowa St,85,4
1999,2,2,Mideast,11,55,SMU,Georgia,68,3
1999,2,2,Mideast,7,51,Illinois,Clemson,63,2
1999,3,2,Mideast,1,58,Connecticut,Iowa St,64,4
1999,3,2,Mideast,3,67,Georgia,Clemson,54,2
1999,4,2,Mideast,4,71,Iowa St,Georgia,89,3
1999,1,3,Midwest,1,68,Purdue,Oral Roberts,48,16
1999,1,3,Midwest,8,58,Marquette,Kansas,64,9
1999,1,3,Midwest,5,80,Alabama,Grambling,68,12
1999,1,3,Midwest,4,64,North Carolina,Northeastern,55,13
1999,1,3,Midwest,6,87,Arizona,Florida,84,11
1999,1,3,Midwest,3,84,Rutgers,Dartmouth,70,14
1999,1,3,Midwest,7,57,Mississippi St,NC State,76,10
1999,1,3,Midwest,2,80,Texas Tech,Stephen F Austin,54,15
1999,2,3,Midwest,1,55,Purdue,Kansas,41,9
1999,2,3,Midwest,5,56,Alabama,North Carolina,70,4
1999,2,3,Midwest,6,47,Arizona,Rutgers,90,3
1999,2,3,Midwest,10,78,NC State,Texas Tech,85,2
1999,3,3,Midwest,1,82,Purdue,North Carolina,59,4
1999,3,3,Midwest,3,53,Rutgers,Texas Tech,42,2
1999,4,3,Midwest,1,75,Purdue,Rutgers,62,3
1999,1,4,West,1,90,Louisiana Tech,Central Florida,48,16
1999,1,4,West,8,82,Penn St,Virginia,69,9
1999,1,4,West,5,61,Notre Dame,St Marys,57,12
1999,1,4,West,4,78,LSU,Evansville,69,13
1999,1,4,West,6,98,Kentucky,Nebraska,92,11
1999,1,4,West,3,76,UCLA,Wisconsin Green Bay,69,14
1999,1,4,West,7,72,Southwest Missouri St,Santa Barbara,70,10
1999,1,4,West,2,71,Colorado St,Cal St Northridge,59,15
1999,2,4,West,1,79,Louisiana Tech,Penn St,62,8
1999,2,4,West,5,64,Notre Dame,LSU,74,4
1999,2,4,West,6,63,Kentucky,UCLA,87,3
1999,2,4,West,7,70,Southwest Missouri St,Colorado St,86,2
1999,3,4,West,1,73,Louisiana Tech,LSU,52,4
1999,3,4,West,3,77,UCLA,Colorado St,68,2
1999,4,4,West,1,88,Louisiana Tech,UCLA,62,3
1999,5,0,National,3,81,Duke,Georgia,69,3
1999,5,0,National,1,77,Purdue,Louisiana Tech,63,1
1999,6,0,National,3,45,Duke,Purdue,62,1
2000,1,1,East,1,116,Connecticut,Hampton,45,16
2000,1,1,East,8,50,Drake,Clemson,64,9
2000,1,1,East,5,86,Oklahoma,BYU,81,12
2000,1,1,East,4,70,Purdue,Dartmouth,66,13
2000,1,1,East,6,72,Xavier,Stephen F Austin,73,11
2000,1,1,East,3,77,LSU,Liberty,54,14
2000,1,1,East,7,65,Marquette,Western Kentucky,68,10
2000,1,1,East,2,71,Duke,Campbell,42,15
2000,2,1,East,1,83,Connecticut,Clemson,45,9
2000,2,1,East,5,76,Oklahoma,Purdue,74,4
2000,2,1,East,11,45,Stephen F Austin,LSU,57,3
2000,2,1,East,10,70,Western Kentucky,Duke,90,2
2000,3,1,East,1,102,Connecticut,Oklahoma,80,5
2000,3,1,East,3,79,LSU,Duke,66,2
2000,4,1,East,1,86,Connecticut,LSU,71,3
2000,1,2,Mideast,1,90,Tennessee,Furman,38,16
2000,1,2,Mideast,8,73,Arizona,Kent St,61,9
2000,1,2,Mideast,5,93,Boston College,Nebraska,76,12
2000,1,2,Mideast,4,74,Virginia,Pepperdine,62,13
2000,1,2,Mideast,6,65,Tulane,Vermont,60,11
2000,1,2,Mideast,3,83,Texas Tech,Tennessee Tech,54,14
2000,1,2,Mideast,7,79,George Washington,UCLA,72,10
2000,1,2,Mideast,2,87,Notre Dame,San Diego,61,15
2000,2,2,Mideast,1,75,Tennessee,Arizona,60,8
2000,2,2,Mideast,5,70,Boston College,Virginia,74,4
2000,2,2,Mideast,6,59,Tulane,Texas Tech,76,3
2000,2,2,Mideast,7,60,George Washington,Notre Dame,95,2
2000,3,2,Mideast,1,77,Tennessee,Virginia,56,4
2000,3,2,Mideast,3,69,Texas Tech,Notre Dame,65,2
2000,4,2,Mideast,1,57,Tennessee,Texas Tech,44,3
2000,1,3,Midwest,1,95,Louisiana Tech,Alcorn St,53,16
2000,1,3,Midwest,8,69,Kansas,Vanderbilt,71,9
2000,1,3,Midwest,5,63,NC State,SMU,64,12
2000,1,3,Midwest,4,94,Old Dominion,Wisconsin Green Bay,85,13
2000,1,3,Midwest,6,73,Illinois,Utah,58,11
2000,1,3,Midwest,3,92,Iowa St,St Francis,63,14
2000,1,3,Midwest,7,78,Auburn,Southwest Missouri St,74,10
2000,1,3,Midwest,2,83,Penn St,Youngstown State,63,15
2000,2,3,Midwest,1,66,Louisiana Tech,Vanderbilt,65,9
2000,2,3,Midwest,12,76,SMU,Old Dominion,96,4
2000,2,3,Midwest,6,68,Illinois,Iowa St,79,3
2000,2,3,Midwest,7,69,Auburn,Penn St,75,2
2000,3,3,Midwest,1,86,Louisiana Tech,Old Dominion,74,4
2000,3,3,Midwest,3,65,Iowa St,Penn St,66,2
2000,4,3,Midwest,1,65,Louisiana Tech,Penn St,86,2
2000,1,4,West,1,74,Georgia,Montana,46,16
2000,1,4,West,8,74,Michigan,Stanford,81,9
2000,1,4,West,5,62,North Carolina,Maine,57,12
2000,1,4,West,4,64,Santa Barbara,Rice,67,13
2000,1,4,West,6,79,Oregon,UAB,80,11
2000,1,4,West,3,94,Mississippi St,St Peters,60,14
2000,1,4,West,7,48,Texas,St Josephs,69,10
2000,1,4,West,2,91,Rutgers,Holy Cross,70,15
2000,2,4,West,1,83,Georgia,Stanford,64,9
2000,2,4,West,5,83,North Carolina,Rice,50,13
2000,2,4,West,11,78,UAB,Mississippi St,72,3
2000,2,4,West,10,39,St Josephs,Rutgers,59,2
2000,3,4,West,1,83,Georgia,North Carolina,57,5
2000,3,4,West,11,45,UAB,Rutgers,60,2
2000,4,4,West,1,51,Georgia,Rutgers,59,2
2000,5,0,National,1,89,Connecticut,Penn St,67,2
2000,5,0,National,1,64,Tennessee,Rutgers,54,2
2000,6,0,National,1,71,Connecticut,Tennessee,52,1
2001,1,1,East,1,101,Connecticut,Long Island Brooklyn,29,16
2001,1,1,East,8,69,Maryland,Colorado St,83,9
2001,1,1,East,5,66,Villanova,Drake,58,12
2001,1,1,East,4,76,NC State,Delaware,57,13
2001,1,1,East,6,75,Penn St,TCU,77,11
2001,1,1,East,3,84,Louisiana Tech,Georgia St,48,14
2001,1,1,East,7,68,Wisconsin,Missouri,71,10
2001,1,1,East,2,77,Georgia,Liberty,48,15
2001,2,1,East,1,89,Connecticut,Colorado St,44,9
2001,2,1,East,5,64,Villanova,NC State,68,4
2001,2,1,East,11,59,TCU,Louisiana Tech,80,3
2001,2,1,East,10,78,Missouri,Georgia,65,2
2001,3,1,East,1,72,Connecticut,NC State,58,4
2001,3,1,East,3,78,Louisiana Tech,Missouri,67,10
2001,4,1,East,1,67,Connecticut,Louisiana Tech,48,3
2001,1,2,Mideast,1,90,Tennessee,Austin Peay,38,16
2001,1,2,Mideast,8,64,Texas,St Marys,68,9
2001,1,2,Mideast,5,51,Clemson,Chattanooga,49,12
2001,1,2,Mideast,4,80,Xavier,Louisville,52,13
2001,1,2,Mideast,6,83,LSU,Arizona St,66,11
2001,1,2,Mideast,3,75,Purdue,Santa Barbara,62,14
2001,1,2,Mideast,7,77,Virginia Tech,Denver,57,10
2001,1,2,Mideast,2,100,Texas Tech,Pennsylvania,57,15
2001,2,2,Mideast,1,92,Tennessee,St Marys,71,9
2001,2,2,Mideast,5,62,Clemson,Xavier,77,4
2001,2,2,Mideast,6,70,LSU,Purdue,73,3
2001,2,2,Mideast,7,52,Virginia Tech,Texas Tech,73,2
2001,3,2,Mideast,1,65,Tennessee,Xavier,80,4
2001,3,2,Mideast,3,74,Purdue,Texas Tech,72,2
2001,4,2,Mideast,4,78,Xavier,Purdue,88,3
2001,1,3,Midwest,1,98,Notre Dame,Alcorn St,49,16
2001,1,3,Midwest,8,81,Michigan,Virginia,71,9
2001,1,3,Midwest,5,79,Utah,Fairfield,57,12
2001,1,3,Midwest,4,88,Iowa,Oregon,82,13
2001,1,3,Midwest,6,98,Colorado,Siena,78,11
2001,1,3,Midwest,3,83,Vanderbilt,Idaho St,57,14
2001,1,3,Midwest,7,72,Florida St,Tulane,70,10
2001,1,3,Midwest,2,100,Iowa St,Howard,61,15
2001,2,3,Midwest,1,88,Notre Dame,Michigan,54,8
2001,2,3,Midwest,5,78,Utah,Iowa,69,4
2001,2,3,Midwest,6,59,Colorado,Vanderbilt,65,3
2001,2,3,Midwest,7,70,Florida St,Iowa St,85,2
2001,3,3,Midwest,1,69,Notre Dame,Utah,54,5
2001,3,3,Midwest,3,84,Vanderbilt,Iowa St,65,2
2001,4,3,Midwest,1,72,Notre Dame,Vanderbilt,64,3
2001,1,4,West,1,95,Duke,Wisconsin Milwaukee,63,16
2001,1,4,West,8,59,Baylor,Arkansas,68,9
2001,1,4,West,5,89,Southwest Missouri St,Toledo,71,12
2001,1,4,West,4,80,Rutgers,Stephen F Austin,43,13
2001,1,4,West,6,67,Washington,Old Dominion,65,11
2001,1,4,West,3,84,Florida,Holy Cross,52,14
2001,1,4,West,7,51,George Washington,Stanford,76,10
2001,1,4,West,2,70,Oklahoma,Oral Roberts,64,15
2001,2,4,West,1,75,Duke,Arkansas,54,9
2001,2,4,West,5,60,Southwest Missouri St,Rutgers,53,4
2001,2,4,West,6,86,Washington,Florida,75,3
2001,2,4,West,10,50,Stanford,Oklahoma,67,2
2001,3,4,West,1,71,Duke,Southwest Missouri St,81,5
2001,3,4,West,6,84,Washington,Oklahoma,67,2
2001,4,4,West,5,104,Southwest Missouri St,Washington,87,6
2001,5,0,National,1,75,Connecticut,Notre Dame,90,1
2001,5,0,National,3,81,Purdue,Southwest Missouri St,64,5
2001,6,0,National,1,68,Notre Dame,Purdue,66,3
2002,1,1,East,1,95,Duke,Norfolk St,48,16
2002,1,1,East,8,55,TCU,Indiana,45,9
2002,1,1,East,5,56,Louisiana Tech,Santa Barbara,57,12
2002,1,1,East,4,60,Texas,Wisconsin Green Bay,55,13
2002,1,1,East,6,76,Cincinnati,St Peters,63,11
2002,1,1,East,3,69,South Carolina,Liberty,61,14
2002,1,1,East,7,87,Drake,Syracuse,69,10
2002,1,1,East,2,80,Baylor,Bucknell,56,15
2002,2,1,East,1,76,Duke,TCU,66,8
2002,2,1,East,12,60,Santa Barbara,Texas,76,4
2002,2,1,East,6,56,Cincinnati,South Carolina,75,3
2002,2,1,East,7,76,Drake,Baylor,72,2
2002,3,1,East,1,62,Duke,Texas,46,4
2002,3,1,East,3,79,South Carolina,Drake,65,7
2002,4,1,East,1,77,Duke,South Carolina,68,3
2002,1,2,Mideast,1,86,Connecticut,St Francis,37,16
2002,1,2,Mideast,8,62,Virginia,Iowa,69,9
2002,1,2,Mideast,5,73,Florida International,Creighton,58,12
2002,1,2,Mideast,4,82,Penn St,Chattanooga,67,13
2002,1,2,Mideast,6,78,Arkansas,Clemson,68,11
2002,1,2,Mideast,3,93,Kansas St,Kent St,65,14
2002,1,2,Mideast,7,68,Old Dominion,Georgia,54,10
2002,1,2,Mideast,2,80,Purdue,Austin Peay,49,15
2002,2,2,Mideast,1,86,Connecticut,Iowa,48,9
2002,2,2,Mideast,5,79,Florida International,Penn St,96,4
2002,2,2,Mideast,6,68,Arkansas,Kansas St,82,3
2002,2,2,Mideast,7,74,Old Dominion,Purdue,70,2
2002,3,2,Mideast,1,82,Connecticut,Penn St,64,4
2002,3,2,Mideast,3,62,Kansas St,Old Dominion,82,7
2002,4,2,Mideast,1,85,Connecticut,Old Dominion,64,7
2002,1,3,Midwest,1,63,Vanderbilt,Oakland,38,16
2002,1,3,Midwest,8,70,Wisconsin,Arizona St,73,9
2002,1,3,Midwest,5,71,Minnesota,UNLV,54,12
2002,1,3,Midwest,4,85,North Carolina,Harvard,58,13
2002,1,3,Midwest,6,52,Florida,BYU,90,11
2002,1,3,Midwest,3,72,Iowa St,Temple,57,14
2002,1,3,Midwest,7,58,Notre Dame,New Mexico,44,10
2002,1,3,Midwest,2,98,Tennessee,Georgia St,68,15
2002,2,3,Midwest,1,61,Vanderbilt,Arizona St,35,9
2002,2,3,Midwest,5,69,Minnesota,North Carolina,72,4
2002,2,3,Midwest,11,75,BYU,Iowa St,69,3
2002,2,3,Midwest,7,50,Notre Dame,Tennessee,89,2
2002,3,3,Midwest,1,70,Vanderbilt,North Carolina,61,4
2002,3,3,Midwest,11,57,BYU,Tennessee,68,2
2002,4,3,Midwest,1,63,Vanderbilt,Tennessee,68,2
2002,1,4,West,1,84,Oklahoma,Hartford,52,16
2002,1,4,West,8,46,Pepperdine,Villanova,67,9
2002,1,4,West,5,59,Boston College,Mississippi St,65,12
2002,1,4,West,4,84,Texas Tech,Stephen F Austin,63,13
2002,1,4,West,6,84,LSU,Santa Clara,78,11
2002,1,4,West,3,88,Colorado,Southern,61,14
2002,1,4,West,7,69,Colorado St,Tulane,73,10
2002,1,4,West,2,76,Stanford,Weber St,51,15
2002,2,4,West,1,66,Oklahoma,Villanova,53,9
2002,2,4,West,12,55,Mississippi St,Texas Tech,77,4
2002,2,4,West,6,58,LSU,Colorado,69,3
2002,2,4,West,10,55,Tulane,Stanford,77,2
2002,3,4,West,1,72,Oklahoma,Texas Tech,62,4
2002,3,4,West,3,62,Colorado,Stanford,59,2
2002,4,4,West,1,94,Oklahoma,Colorado,60,3
2002,5,0,National,1,71,Duke,Oklahoma,86,1
2002,5,0,National,1,79,Connecticut,Tennessee,56,2
2002,6,0,National,1,70,Oklahoma,Connecticut,82,1
2003,1,1,East,1,91,Connecticut,Boston University,44,16
2003,1,1,East,8,47,Michigan St,TCU,50,9
2003,1,1,East,5,73,Boston College,Old Dominion,72,12
2003,1,1,East,4,54,Vanderbilt,Liberty,44,13
2003,1,1,East,6,47,Arizona,Notre Dame,59,11
2003,1,1,East,3,79,Kansas St,Harvard,69,14
2003,1,1,East,7,61,Virginia Tech,Georgia Tech,59,10
2003,1,1,East,2,66,Purdue,Valparaiso,51,15
2003,2,1,East,1,81,Connecticut,TCU,66,9
2003,2,1,East,5,86,Boston College,Vanderbilt,85,4
2003,2,1,East,11,59,Notre Dame,Kansas St,53,3
2003,2,1,East,7,62,Virginia Tech,Purdue,80,2
2003,3,1,East,1,70,Connecticut,Boston College,49,5
2003,3,1,East,11,47,Notre Dame,Purdue,66,2
2003,4,1,East,1,73,Connecticut,Purdue,64,2
2003,1,2,Mideast,1,95,Tennessee,Alabama St,43,16
2003,1,2,Mideast,8,72,Virginia,Illinois,56,9
2003,1,2,Mideast,5,68,South Carolina,Chattanooga,54,12
2003,1,2,Mideast,4,64,Penn St,Holy Cross,33,13
2003,1,2,Mideast,6,84,Colorado,BYU,45,11
2003,1,2,Mideast,3,72,North Carolina,Austin Peay,70,14
2003,1,2,Mideast,7,71,George Washington,Oklahoma,61,10
2003,1,2,Mideast,2,51,Villanova,St Francis,36,15
2003,2,2,Mideast,1,81,Tennessee,Virginia,51,8
2003,2,2,Mideast,5,67,South Carolina,Penn St,77,4
2003,2,2,Mideast,6,86,Colorado,North Carolina,67,3
2003,2,2,Mideast,7,57,George Washington,Villanova,70,2
2003,3,2,Mideast,1,86,Tennessee,Penn St,58,4
2003,3,2,Mideast,6,51,Colorado,Villanova,53,2
2003,4,2,Mideast,1,73,Tennessee,Villanova,49,2
2003,1,3,Midwest,1,66,Duke,Georgia St,48,16
2003,1,3,Midwest,8,73,Utah,DePaul,64,9
2003,1,3,Midwest,5,80,Georgia,Charlotte,61,12
2003,1,3,Midwest,4,64,Rutgers,Western Kentucky,52,13
2003,1,3,Midwest,6,91,New Mexico,Miami,85,11
2003,1,3,Midwest,3,73,Mississippi St,Manhattan,47,14
2003,1,3,Midwest,7,71,Santa Barbara,Xavier,62,10
2003,1,3,Midwest,2,67,Texas Tech,Southwest Missouri St,59,15
2003,2,3,Midwest,1,65,Duke,Utah,54,8
2003,2,3,Midwest,5,74,Georgia,Rutgers,64,4
2003,2,3,Midwest,6,73,New Mexico,Mississippi St,61,3
2003,2,3,Midwest,7,68,Santa Barbara,Texas Tech,72,2
2003,3,3,Midwest,1,66,Duke,Georgia,63,5
2003,3,3,Midwest,6,48,New Mexico,Texas Tech,71,2
2003,4,3,Midwest,1,57,Duke,Texas Tech,51,2
2003,1,4,West,1,86,LSU,Southwest Texas St,50,16
2003,1,4,West,8,78,Wisconsin Green Bay,Washington,65,9
2003,1,4,West,5,94,Louisiana Tech,Pepperdine,60,12
2003,1,4,West,4,66,Ohio St,Weber St,44,13
2003,1,4,West,6,68,Minnesota,Tulane,48,11
2003,1,4,West,3,82,Stanford,Western Michigan,66,14
2003,1,4,West,7,71,Arkansas,Cincinnati,57,10
2003,1,4,West,2,90,Texas,Hampton,46,15
2003,2,4,West,1,80,LSU,Wisconsin Green Bay,69,8
2003,2,4,West,5,74,Louisiana Tech,Ohio St,61,4
2003,2,4,West,6,68,Minnesota,Stanford,56,3
2003,2,4,West,7,50,Arkansas,Texas,67,2
2003,3,4,West,1,69,LSU,Louisiana Tech,63,5
2003,3,4,West,6,60,Minnesota,Texas,73,2
2003,4,4,West,1,60,LSU,Texas,78,2
2003,5,0,National,1,71,Connecticut,Texas,69,2
2003,5,0,National,1,66,Tennessee,Duke,56,1
2003,6,0,National,1,73,Connecticut,Tennessee,68,1
2004,1,1,East,1,79,Penn St,Hampton,42,16
2004,1,1,East,8,89,Virginia Tech,Iowa,76,9
2004,1,1,East,5,69,Notre Dame,Southwest Missouri St,65,12
2004,1,1,East,4,62,North Carolina,Middle Tennessee St,67,13
2004,1,1,East,6,49,Colorado,Santa Barbara,76,11
2004,1,1,East,3,62,Houston,Wisconsin Green Bay,47,14
2004,1,1,East,7,79,Auburn,NC State,59,10
2004,1,1,East,2,91,Connecticut,Pennsylvania,55,15
2004,2,1,East,1,61,Penn St,Virginia Tech,48,8
2004,2,1,East,5,59,Notre Dame,Middle Tennessee St,46,13
2004,2,1,East,11,56,Santa Barbara,Houston,52,3
2004,2,1,East,7,53,Auburn,Connecticut,79,2
2004,3,1,East,1,55,Penn St,Notre Dame,49,5
2004,3,1,East,11,55,Santa Barbara,Connecticut,63,2
2004,4,1,East,1,49,Penn St,Connecticut,66,2
2004,1,2,Mideast,1,103,Duke,Northwestern St,51,16
2004,1,2,Mideast,8,64,Old Dominion,Marquette,67,9
2004,1,2,Mideast,5,81,Louisiana Tech,Montana,77,12
2004,1,2,Mideast,4,60,Texas Tech,Maine,50,13
2004,1,2,Mideast,6,73,Ohio St,West Virginia,67,11
2004,1,2,Mideast,3,58,Boston College,Eastern Michigan,56,14
2004,1,2,Mideast,7,92,Minnesota,UCLA,81,10
2004,1,2,Mideast,2,71,Kansas St,Valparaiso,63,15
2004,2,2,Mideast,1,76,Duke,Marquette,67,9
2004,2,2,Mideast,5,81,Louisiana Tech,Texas Tech,64,4
2004,2,2,Mideast,6,48,Ohio St,Boston College,63,3
2004,2,2,Mideast,7,80,Minnesota,Kansas St,61,2
2004,3,2,Mideast,1,63,Duke,Louisiana Tech,49,5
2004,3,2,Mideast,3,63,Boston College,Minnesota,76,7
2004,4,2,Mideast,1,75,Duke,Minnesota,82,7
2004,1,3,Midwest,1,77,Tennessee,Colgate,54,16
2004,1,3,Midwest,8,46,George Washington,DePaul,83,9
2004,1,3,Midwest,5,68,Florida,New Mexico,56,12
2004,1,3,Midwest,4,71,Baylor,Loyola Marymount,60,13
2004,1,3,Midwest,6,68,Stanford,Missouri,44,11
2004,1,3,Midwest,3,58,Oklahoma,Marist,45,14
2004,1,3,Midwest,7,69,Rutgers,Chattanooga,74,10
2004,1,3,Midwest,2,76,Vanderbilt,Lipscomb,45,15
2004,2,3,Midwest,1,79,Tennessee,DePaul,59,9
2004,2,3,Midwest,5,76,Florida,Baylor,91,4
2004,2,3,Midwest,6,68,Stanford,Oklahoma,43,3
2004,2,3,Midwest,10,44,Chattanooga,Vanderbilt,60,2
2004,3,3,Midwest,1,71,Tennessee,Baylor,69,4
2004,3,3,Midwest,6,57,Stanford,Vanderbilt,55,2
2004,4,3,Midwest,1,62,Tennessee,Stanford,60,6
2004,1,4,West,1,92,Texas,Southern,57,16
2004,1,4,West,8,72,Michigan St,Arizona,60,9
2004,1,4,West,5,85,Miami,Maryland,86,12
2004,1,4,West,4,83,LSU,Austin Peay,66,13
2004,1,4,West,6,70,TCU,Temple,57,11
2004,1,4,West,3,78,Georgia,Liberty,53,14
2004,1,4,West,7,66,Villanova,Ole Miss,63,10
2004,1,4,West,2,78,Purdue,St Francis,59,15
2004,2,4,West,1,80,Texas,Michigan St,61,8
2004,2,4,West,12,61,Maryland,LSU,76,4
2004,2,4,West,6,71,TCU,Georgia,85,3
2004,2,4,West,7,42,Villanova,Purdue,60,2
2004,3,4,West,1,55,Texas,LSU,71,4
2004,3,4,West,3,66,Georgia,Purdue,64,2
2004,4,4,West,4,62,LSU,Georgia,60,3
2004,5,0,National,2,67,Connecticut,Minnesota,58,7
2004,5,0,National,1,52,Tennessee,LSU,50,4
2004,6,0,National,2,70,Connecticut,Tennessee,61,1
2005,1,1,Chattanooga,1,70,LSU,Stetson,36,16
2005,1,1,Chattanooga,8,69,Oklahoma,Arizona,72,9
2005,1,1,Chattanooga,5,79,DePaul,Virginia Tech,78,12
2005,1,1,Chattanooga,4,70,Penn St,Liberty,78,13
2005,1,1,Chattanooga,6,75,Georgia,Rice,49,11
2005,1,1,Chattanooga,3,64,Texas,Oral Roberts,47,14
2005,1,1,Chattanooga,7,65,Boston College,Houston,43,10
2005,1,1,Chattanooga,2,80,Duke,Canisius,48,15
2005,2,1,Chattanooga,1,76,LSU,Arizona,43,9
2005,2,1,Chattanooga,5,79,DePaul,Liberty,88,13
2005,2,1,Chattanooga,6,70,Georgia,Texas,68,3
2005,2,1,Chattanooga,7,65,Boston College,Duke,70,2
2005,3,1,Chattanooga,1,90,LSU,Liberty,48,13
2005,3,1,Chattanooga,6,57,Georgia,Duke,63,2
2005,4,1,Chattanooga,1,59,LSU,Duke,49,2
2005,1,2,Kansascity,1,73,Michigan St,Alcorn St,41,16
2005,1,2,Kansascity,8,65,USC,Louisville,49,9
2005,1,2,Kansascity,5,67,Vanderbilt,Montana,44,12
2005,1,2,Kansascity,4,70,Kansas St,Bowling Green,60,13
2005,1,2,Kansascity,6,87,Florida St,Richmond,54,11
2005,1,2,Kansascity,3,95,Connecticut,Dartmouth,47,14
2005,1,2,Kansascity,7,61,Iowa St,Utah,73,10
2005,1,2,Kansascity,2,94,Stanford,Santa Clara,57,15
2005,2,2,Kansascity,1,61,Michigan St,USC,59,8
2005,2,2,Kansascity,5,63,Vanderbilt,Kansas St,60,4
2005,2,2,Kansascity,6,52,Florida St,Connecticut,70,3
2005,2,2,Kansascity,10,62,Utah,Stanford,88,2
2005,3,2,Kansascity,1,76,Michigan St,Vanderbilt,64,5
2005,3,2,Kansascity,3,59,Connecticut,Stanford,76,2
2005,4,2,Kansascity,1,76,Michigan St,Stanford,69,2
2005,1,3,Philadelphia,1,94,Tennessee,Western Carolina,43,16
2005,1,3,Philadelphia,8,56,New Mexico,Purdue,68,9
2005,1,3,Philadelphia,5,58,NC State,Middle Tennessee St,60,12
2005,1,3,Philadelphia,4,69,Texas Tech,Texas Arlington,49,13
2005,1,3,Philadelphia,6,66,Temple,Louisiana Tech,61,11
2005,1,3,Philadelphia,3,62,Rutgers,Hartford,37,14
2005,1,3,Philadelphia,7,65,Maryland,Wisconsin Green Bay,55,10
2005,1,3,Philadelphia,2,86,Ohio St,Holy Cross,45,15
2005,2,3,Philadelphia,1,75,Tennessee,Purdue,54,9
2005,2,3,Philadelphia,12,69,Middle Tennessee St,Texas Tech,80,4
2005,2,3,Philadelphia,6,54,Temple,Rutgers,61,3
2005,2,3,Philadelphia,7,65,Maryland,Ohio St,75,2
2005,3,3,Philadelphia,1,75,Tennessee,Texas Tech,59,4
2005,3,3,Philadelphia,3,64,Rutgers,Ohio St,58,2
2005,4,3,Philadelphia,1,59,Tennessee,Rutgers,49,3
2005,1,4,Tempe,1,97,North Carolina,Coppin St,62,16
2005,1,4,Tempe,8,57,Ole Miss,George Washington,60,9
2005,1,4,Tempe,5,87,Arizona St,Eastern Kentucky,65,12
2005,1,4,Tempe,4,61,Notre Dame,Santa Barbara,51,13
2005,1,4,Tempe,6,79,Virginia,Old Dominion,57,11
2005,1,4,Tempe,3,64,Minnesota,St Francis,33,14
2005,1,4,Tempe,7,55,TCU,Oregon,58,10
2005,1,4,Tempe,2,91,Baylor,Illinois St,70,15
2005,2,4,Tempe,1,71,North Carolina,George Washington,47,9
2005,2,4,Tempe,5,70,Arizona St,Notre Dame,61,4
2005,2,4,Tempe,6,58,Virginia,Minnesota,73,3
2005,2,4,Tempe,10,46,Oregon,Baylor,69,2
2005,3,4,Tempe,1,79,North Carolina,Arizona St,72,5
2005,3,4,Tempe,3,57,Minnesota,Baylor,64,2
2005,4,4,Tempe,1,63,North Carolina,Baylor,72,2
2005,5,0,National,1,57,LSU,Baylor,68,2
2005,5,0,National,1,68,Michigan St,Tennessee,64,1
2005,6,0,National,2,84,Baylor,Michigan St,62,1
2006,1,1,Albuquerque,1,68,Ohio St,Oakland,45,16
2006,1,1,Albuquerque,8,78,Boston College,Notre Dame,61,9
2006,1,1,Albuquerque,5,76,Utah,Middle Tennessee St,71,12
2006,1,1,Albuquerque,4,80,Arizona St,Stephen F Austin,61,13
2006,1,1,Albuquerque,6,59,Florida,New Mexico,83,11
2006,1,1,Albuquerque,3,74,Baylor,Northern Arizona,56,14
2006,1,1,Albuquerque,7,78,St Johns,California,68,10
2006,1,1,Albuquerque,2,95,Maryland,Sacred Heart,54,15
2006,2,1,Albuquerque,1,69,Ohio St,Boston College,79,8
2006,2,1,Albuquerque,5,86,Utah,Arizona St,65,4
2006,2,1,Albuquerque,11,67,New Mexico,Baylor,87,3
2006,2,1,Albuquerque,7,74,St Johns,Maryland,81,2
2006,3,1,Albuquerque,8,54,Boston College,Utah,57,5
2006,3,1,Albuquerque,3,63,Baylor,Maryland,82,2
2006,4,1,Albuquerque,5,65,Utah,Maryland,75,2
2006,1,2,Bridgeport,1,96,Duke,Southern,27,16
2006,1,2,Bridgeport,8,67,USC,South Florida,65,9
2006,1,2,Bridgeport,5,69,Kentucky,Chattanooga,59,12
2006,1,2,Bridgeport,4,65,Michigan St,Wisconsin Milwaukee,46,13
2006,1,2,Bridgeport,6,58,Temple,Hartford,64,11
2006,1,2,Bridgeport,3,75,Georgia,Marist,60,14
2006,1,2,Bridgeport,7,82,Virginia Tech,Missouri,51,10
2006,1,2,Bridgeport,2,77,Connecticut,Coppin St,54,15
2006,2,2,Bridgeport,1,85,Duke,USC,51,8
2006,2,2,Bridgeport,5,63,Kentucky,Michigan St,67,4
2006,2,2,Bridgeport,11,54,Hartford,Georgia,73,3
2006,2,2,Bridgeport,7,56,Virginia Tech,Connecticut,79,2
2006,3,2,Bridgeport,1,86,Duke,Michigan St,61,4
2006,3,2,Bridgeport,3,75,Georgia,Connecticut,77,2
2006,4,2,Bridgeport,1,63,Duke,Connecticut,61,2
2006,1,3,Cleveland,1,75,North Carolina,UC-Riverside,51,16
2006,1,3,Cleveland,8,76,Vanderbilt,Louisville,64,9
2006,1,3,Cleveland,5,74,UCLA,Bowling Green,61,12
2006,1,3,Cleveland,4,73,Purdue,Southwest Missouri St,52,13
2006,1,3,Cleveland,6,65,Texas A&M,TCU,69,11
2006,1,3,Cleveland,3,63,Rutgers,Dartmouth,58,14
2006,1,3,Cleveland,7,87,George Washington,Old Dominion,72,10
2006,1,3,Cleveland,2,102,Tennessee,Army,54,15
2006,2,3,Cleveland,1,89,North Carolina,Vanderbilt,70,8
2006,2,3,Cleveland,5,54,UCLA,Purdue,61,4
2006,2,3,Cleveland,11,48,TCU,Rutgers,82,3
2006,2,3,Cleveland,7,53,George Washington,Tennessee,66,2
2006,3,3,Cleveland,1,70,North Carolina,Purdue,68,4
2006,3,3,Cleveland,3,69,Rutgers,Tennessee,76,2
2006,4,3,Cleveland,1,75,North Carolina,Tennessee,63,2
2006,1,4,Sanantonio,1,72,LSU,Florida Atlantic,48,16
2006,1,4,Sanantonio,8,69,Minnesota,Washington,73,9
2006,1,4,Sanantonio,5,61,NC State,Tulsa,71,12
2006,1,4,Sanantonio,4,68,DePaul,Liberty,43,13
2006,1,4,Sanantonio,6,80,Florida St,Louisiana Tech,71,11
2006,1,4,Sanantonio,3,72,Stanford,Southeast Missouri St,45,14
2006,1,4,Sanantonio,7,67,BYU,Iowa,62,10
2006,1,4,Sanantonio,2,78,Oklahoma,Pepperdine,66,15
2006,2,4,Sanantonio,1,72,LSU,Washington,49,9
2006,2,4,Sanantonio,12,67,Tulsa,DePaul,71,4
2006,2,4,Sanantonio,6,70,Florida St,Stanford,88,3
2006,2,4,Sanantonio,7,70,BYU,Oklahoma,86,2
2006,3,4,Sanantonio,1,66,LSU,DePaul,56,4
2006,3,4,Sanantonio,3,88,Stanford,Oklahoma,74,2
2006,4,4,Sanantonio,1,62,LSU,Stanford,59,3
2006,5,0,National,2,81,Maryland,North Carolina,70,1
2006,5,0,National,1,64,Duke,LSU,45,1
2006,6,0,National,2,78,Maryland,Duke,75,1
2007,1,1,Dallas,1,95,North Carolina,Prairie View,38,16
2007,1,1,Dallas,8,59,California,Notre Dame,62,9
2007,1,1,Dallas,5,76,George Washington,Boise St,67,12
2007,1,1,Dallas,4,58,Texas A&M,Texas Arlington,50,13
2007,1,1,Dallas,6,79,Iowa St,Washington,60,11
2007,1,1,Dallas,3,53,Georgia,Belmont,36,14
2007,1,1,Dallas,7,55,Georgia Tech,DePaul,54,10
2007,1,1,Dallas,2,63,Purdue,Oral Roberts,42,15
2007,2,1,Dallas,1,60,North Carolina,Notre Dame,51,9
2007,2,1,Dallas,5,59,George Washington,Texas A&M,47,4
2007,2,1,Dallas,6,56,Iowa St,Georgia,76,3
2007,2,1,Dallas,7,63,Georgia Tech,Purdue,76,2
2007,3,1,Dallas,1,70,North Carolina,George Washington,56,5
2007,3,1,Dallas,3,65,Georgia,Purdue,78,2
2007,4,1,Dallas,1,84,North Carolina,Purdue,72,2
2007,1,2,Dayton,1,76,Tennessee,Drake,37,16
2007,1,2,Dayton,8,71,Pittsburgh,James Madison,61,9
2007,1,2,Dayton,5,85,Middle Tennessee St,Gonzaga,46,12
2007,1,2,Dayton,4,63,Ohio St,Marist,67,13
2007,1,2,Dayton,6,87,Marquette,Louisiana Lafayette,58,11
2007,1,2,Dayton,3,74,Oklahoma,Southeast Missouri St,60,14
2007,1,2,Dayton,7,88,Ole Miss,TCU,74,10
2007,1,2,Dayton,2,89,Maryland,Harvard,65,15
2007,2,2,Dayton,1,68,Tennessee,Pittsburgh,54,8
2007,2,2,Dayton,5,59,Middle Tennessee St,Marist,73,13
2007,2,2,Dayton,6,47,Marquette,Oklahoma,78,3
2007,2,2,Dayton,7,89,Ole Miss,Maryland,78,2
2007,3,2,Dayton,1,65,Tennessee,Marist,46,13
2007,3,2,Dayton,3,82,Oklahoma,Ole Miss,90,7
2007,4,2,Dayton,1,98,Tennessee,Ole Miss,62,7
2007,1,3,Fresno,1,82,Connecticut,UMBC,33,16
2007,1,3,Fresno,8,52,New Mexico,Wisconsin Green Bay,59,9
2007,1,3,Fresno,5,68,Baylor,Chattanooga,55,12
2007,1,3,Fresno,4,84,NC State,Robert Morris,52,13
2007,1,3,Fresno,6,52,Xavier,West Virginia,65,11
2007,1,3,Fresno,3,77,LSU,UNC Asheville,39,14
2007,1,3,Fresno,7,75,Old Dominion,Florida St,85,10
2007,1,3,Fresno,2,96,Stanford,Idaho St,58,15
2007,2,3,Fresno,1,94,Connecticut,Wisconsin Green Bay,70,9
2007,2,3,Fresno,5,72,Baylor,NC State,78,4
2007,2,3,Fresno,11,43,West Virginia,LSU,49,3
2007,2,3,Fresno,10,68,Florida St,Stanford,61,2
2007,3,3,Fresno,1,78,Connecticut,NC State,71,4
2007,3,3,Fresno,3,55,LSU,Florida St,43,10
2007,4,3,Fresno,1,50,Connecticut,LSU,73,3
2007,1,4,Greensboro,1,81,Duke,Holy Cross,44,16
2007,1,4,Greensboro,8,64,Temple,Nebraska,61,9
2007,1,4,Greensboro,5,69,Michigan St,Delaware,58,12
2007,1,4,Greensboro,4,77,Rutgers,East Carolina,34,13
2007,1,4,Greensboro,6,80,Louisville,BYU,54,11
2007,1,4,Greensboro,3,57,Arizona St,UC-Riverside,50,14
2007,1,4,Greensboro,7,70,Bowling Green,Oklahoma St,66,10
2007,1,4,Greensboro,2,62,Vanderbilt,Delaware St,47,15
2007,2,4,Greensboro,1,62,Duke,Temple,52,8
2007,2,4,Greensboro,5,57,Michigan St,Rutgers,70,4
2007,2,4,Greensboro,6,58,Louisville,Arizona St,67,3
2007,2,4,Greensboro,7,59,Bowling Green,Vanderbilt,56,2
2007,3,4,Greensboro,1,52,Duke,Rutgers,53,4
2007,3,4,Greensboro,3,67,Arizona St,Bowling Green,49,7
2007,4,4,Greensboro,4,64,Rutgers,Arizona St,45,3
2007,5,0,National,1,50,North Carolina,Tennessee,56,1
2007,5,0,National,3,35,LSU,Rutgers,59,4
2007,6,0,National,1,59,Tennessee,Rutgers,46,4
2008,1,1,Greensboro,1,89,Connecticut,Cornell,47,16
2008,1,1,Greensboro,8,72,Texas,Minnesota,55,9
2008,1,1,Greensboro,5,82,Old Dominion,Liberty,62,12
2008,1,1,Greensboro,4,86,Virginia,Santa Barbara,52,13
2008,1,1,Greensboro,6,66,George Washington,Auburn,56,11
2008,1,1,Greensboro,3,77,California,San Diego,60,14
2008,1,1,Greensboro,7,58,Iowa St,Georgia Tech,55,10
2008,1,1,Greensboro,2,85,Rutgers,Robert Morris,42,15
2008,2,1,Greensboro,1,89,Connecticut,Texas,55,8
2008,2,1,Greensboro,5,88,Old Dominion,Virginia,85,4
2008,2,1,Greensboro,6,55,George Washington,California,53,3
2008,2,1,Greensboro,7,58,Iowa St,Rutgers,69,2
2008,3,1,Greensboro,1,78,Connecticut,Old Dominion,63,5
2008,3,1,Greensboro,6,42,George Washington,Rutgers,53,2
2008,4,1,Greensboro,1,66,Connecticut,Rutgers,56,2
2008,1,2,Neworleans,1,80,Maryland,Coppin St,66,16
2008,1,2,Neworleans,8,61,Nebraska,Xavier,58,9
2008,1,2,Neworleans,5,61,West Virginia,New Mexico,60,12
2008,1,2,Neworleans,4,75,Vanderbilt,Montana,47,13
2008,1,2,Neworleans,6,63,Pittsburgh,Wyoming,58,11
2008,1,2,Neworleans,3,88,Baylor,Fresno St,67,14
2008,1,2,Neworleans,7,92,UTEP,Western Kentucky,60,10
2008,1,2,Neworleans,2,85,Stanford,Cleveland St,47,15
2008,2,2,Neworleans,1,76,Maryland,Nebraska,64,8
2008,2,2,Neworleans,5,46,West Virginia,Vanderbilt,64,4
2008,2,2,Neworleans,6,67,Pittsburgh,Baylor,59,3
2008,2,2,Neworleans,7,54,UTEP,Stanford,88,2
2008,3,2,Neworleans,1,80,Maryland,Vanderbilt,66,4
2008,3,2,Neworleans,6,53,Pittsburgh,Stanford,72,2
2008,4,2,Neworleans,1,87,Maryland,Stanford,98,2
2008,1,3,Oklahomacity,1,85,North Carolina,Bucknell,50,16
2008,1,3,Oklahomacity,8,67,Georgia,Iowa,61,9
2008,1,3,Oklahomacity,5,69,Kansas St,Chattanooga,59,12
2008,1,3,Oklahomacity,4,81,Louisville,Miami Ohio,67,13
2008,1,3,Oklahomacity,6,49,Ohio St,Florida St,60,11
2008,1,3,Oklahomacity,3,85,Oklahoma St,East Tennessee St,73,14
2008,1,3,Oklahomacity,7,76,Marist,DePaul,57,10
2008,1,3,Oklahomacity,2,66,LSU,Jackson St,32,15
2008,2,3,Oklahomacity,1,80,North Carolina,Georgia,66,8
2008,2,3,Oklahomacity,5,63,Kansas St,Louisville,80,4
2008,2,3,Oklahomacity,11,72,Florida St,Oklahoma St,73,3
2008,2,3,Oklahomacity,7,49,Marist,LSU,68,2
2008,3,3,Oklahomacity,1,78,North Carolina,Louisville,74,4
2008,3,3,Oklahomacity,3,52,Oklahoma St,LSU,67,2
2008,4,3,Oklahomacity,1,50,North Carolina,LSU,56,2
2008,1,4,Spokane,1,94,Tennessee,Oral Roberts,55,16
2008,1,4,Spokane,8,59,Utah,Purdue,66,9
2008,1,4,Spokane,5,75,Notre Dame,SMU,62,12
2008,1,4,Spokane,4,69,Oklahoma,Illinois St,61,13
2008,1,4,Spokane,6,61,Arizona St,Temple,54,11
2008,1,4,Spokane,3,78,Duke,Murray St,57,14
2008,1,4,Spokane,7,55,Syracuse,Hartford,59,10
2008,1,4,Spokane,2,91,Texas A&M,Texas San Antonio,52,15
2008,2,4,Spokane,1,78,Tennessee,Purdue,52,9
2008,2,4,Spokane,5,79,Notre Dame,Oklahoma,75,4
2008,2,4,Spokane,6,59,Arizona St,Duke,67,3
2008,2,4,Spokane,10,39,Hartford,Texas A&M,63,2
2008,3,4,Spokane,1,74,Tennessee,Notre Dame,64,5
2008,3,4,Spokane,3,63,Duke,Texas A&M,77,2
2008,4,4,Spokane,1,53,Tennessee,Texas A&M,45,2
2008,5,0,National,1,73,Connecticut,Stanford,82,2
2008,5,0,National,2,46,LSU,Tennessee,47,1
2008,6,0,National,2,48,Stanford,Tennessee,64,1
2009,1,1,Berkeley,1,83,Duke,Austin Peay,42,16
2009,1,1,Berkeley,8,59,Middle Tennessee St,Michigan St,60,9
2009,1,1,Berkeley,5,55,Tennessee,Ball St,71,12
2009,1,1,Berkeley,4,85,Iowa St,East Tennessee St,53,13
2009,1,1,Berkeley,6,63,Texas,Mississippi St,71,11
2009,1,1,Berkeley,3,77,Ohio St,Sacred Heart,63,14
2009,1,1,Berkeley,7,70,DePaul,San Diego St,76,10
2009,1,1,Berkeley,2,74,Stanford,Santa Barbara,39,15
2009,2,1,Berkeley,1,49,Duke,Michigan St,63,9
2009,2,1,Berkeley,12,57,Ball St,Iowa St,71,4
2009,2,1,Berkeley,11,58,Mississippi St,Ohio St,64,3
2009,2,1,Berkeley,10,49,San Diego St,Stanford,77,2
2009,3,1,Berkeley,9,68,Michigan St,Iowa St,69,4
2009,3,1,Berkeley,3,66,Ohio St,Stanford,84,2
2009,4,1,Berkeley,4,53,Iowa St,Stanford,74,2
2009,1,2,Oklahomacity,1,76,Oklahoma,Prairie View,47,16
2009,1,2,Oklahomacity,8,62,Iowa,Georgia Tech,76,9
2009,1,2,Oklahomacity,5,59,Xavier,Gonzaga,74,12
2009,1,2,Oklahomacity,4,64,Pittsburgh,Montana,35,13
2009,1,2,Oklahomacity,6,65,Purdue,Charlotte,52,11
2009,1,2,Oklahomacity,3,85,North Carolina,Central Florida,80,14
2009,1,2,Oklahomacity,7,57,Rutgers,VCU,51,10
2009,1,2,Oklahomacity,2,85,Auburn,Lehigh,49,15
2009,2,2,Oklahomacity,1,69,Oklahoma,Georgia Tech,50,9
2009,2,2,Oklahomacity,12,60,Gonzaga,Pittsburgh,65,4
2009,2,2,Oklahomacity,6,85,Purdue,North Carolina,70,3
2009,2,2,Oklahomacity,7,80,Rutgers,Auburn,52,2
2009,3,2,Oklahomacity,1,70,Oklahoma,Pittsburgh,59,4
2009,3,2,Oklahomacity,6,67,Purdue,Rutgers,61,7
2009,4,2,Oklahomacity,1,74,Oklahoma,Purdue,68,6
2009,1,3,Raleigh,1,82,Maryland,Dartmouth,53,16
2009,1,3,Raleigh,8,30,Villanova,Utah,60,9
2009,1,3,Raleigh,5,68,Kansas St,Drexel,44,12
2009,1,3,Raleigh,4,73,Vanderbilt,Western Carolina,44,13
2009,1,3,Raleigh,6,69,LSU,Wisconsin Green Bay,59,11
2009,1,3,Raleigh,3,62,Louisville,Liberty,42,14
2009,1,3,Raleigh,7,90,South Dakota St,TCU,55,10
2009,1,3,Raleigh,2,87,Baylor,Texas San Antonio,82,15
2009,2,3,Raleigh,1,71,Maryland,Utah,56,9
2009,2,3,Raleigh,5,61,Kansas St,Vanderbilt,74,4
2009,2,3,Raleigh,6,52,LSU,Louisville,62,3
2009,2,3,Raleigh,7,58,South Dakota St,Baylor,60,2
2009,3,3,Raleigh,1,78,Maryland,Vanderbilt,74,4
2009,3,3,Raleigh,3,56,Louisville,Baylor,39,2
2009,4,3,Raleigh,1,60,Maryland,Louisville,77,3
2009,1,4,Trenton,1,104,Connecticut,Vermont,65,16
2009,1,4,Trenton,8,70,Florida,Temple,57,9
2009,1,4,Trenton,5,68,Virginia,Marist,61,12
2009,1,4,Trenton,4,70,California,Fresno St,47,13
2009,1,4,Trenton,6,58,Arizona St,Georgia,47,11
2009,1,4,Trenton,3,83,Florida St,North Carolina A&T,71,14
2009,1,4,Trenton,7,71,Notre Dame,Minnesota,79,10
2009,1,4,Trenton,2,80,Texas A&M,Evansville,45,15
2009,2,4,Trenton,1,87,Connecticut,Florida,59,8
2009,2,4,Trenton,5,73,Virginia,California,99,4
2009,2,4,Trenton,6,63,Arizona St,Florida St,58,3
2009,2,4,Trenton,10,42,Minnesota,Texas A&M,73,2
2009,3,4,Trenton,1,77,Connecticut,California,53,4
2009,3,4,Trenton,6,84,Arizona St,Texas A&M,69,2
2009,4,4,Trenton,1,83,Connecticut,Arizona St,64,6
2009,5,0,National,2,64,Stanford,Connecticut,83,1
2009,5,0,National,1,59,Oklahoma,Louisville,61,3
2009,6,0,National,1,76,Connecticut,Louisville,54,3
2010,1,1,Dayton,1,95,Connecticut,Southern,39,16
2010,1,1,Dayton,8,65,Temple,James Madison,53,9
2010,1,1,Dayton,5,67,Virginia,Wisconsin Green Bay,69,12
2010,1,1,Dayton,4,79,Iowa St,Lehigh,42,13
2010,1,1,Dayton,6,65,St Johns,Princeton,47,11
2010,1,1,Dayton,3,75,Florida St,Louisiana Tech,61,14
2010,1,1,Dayton,7,68,Mississippi St,Middle Tennessee St,64,10
2010,1,1,Dayton,2,93,Ohio St,St Francis,59,15
2010,2,1,Dayton,1,90,Connecticut,Temple,36,8
2010,2,1,Dayton,12,56,Wisconsin Green Bay,Iowa St,60,4
2010,2,1,Dayton,6,65,St Johns,Florida St,66,3
2010,2,1,Dayton,7,87,Mississippi St,Ohio St,67,2
2010,3,1,Dayton,1,74,Connecticut,Iowa St,36,4
2010,3,1,Dayton,3,74,Florida St,Mississippi St,71,7
2010,4,1,Dayton,1,90,Connecticut,Florida St,50,3
2010,1,2,Kansascity,1,83,Nebraska,Northern Iowa,44,16
2010,1,2,Kansascity,8,74,UCLA,NC State,54,9
2010,1,2,Kansascity,5,72,Michigan St,Bowling Green,62,12
2010,1,2,Kansascity,4,83,Kentucky,Liberty,77,13
2010,1,2,Kansascity,6,53,Georgia Tech,Arkansas Little Rock,63,11
2010,1,2,Kansascity,3,68,Oklahoma,South Dakota St,57,14
2010,1,2,Kansascity,7,55,Wisconsin,Vermont,64,10
2010,1,2,Kansascity,2,86,Notre Dame,Cleveland St,58,15
2010,2,2,Kansascity,1,83,Nebraska,UCLA,70,8
2010,2,2,Kansascity,5,52,Michigan St,Kentucky,70,4
2010,2,2,Kansascity,11,44,Arkansas Little Rock,Oklahoma,60,3
2010,2,2,Kansascity,10,66,Vermont,Notre Dame,84,2
2010,3,2,Kansascity,1,67,Nebraska,Kentucky,76,4
2010,3,2,Kansascity,3,77,Oklahoma,Notre Dame,72,2
2010,4,2,Kansascity,4,68,Kentucky,Oklahoma,88,3
2010,1,3,Memphis,1,75,Tennessee,Austin Peay,42,16
2010,1,3,Memphis,8,67,Dayton,TCU,66,9
2010,1,3,Memphis,5,62,Georgetown,Marist,42,12
2010,1,3,Memphis,4,69,Baylor,Fresno St,55,13
2010,1,3,Memphis,6,63,Texas,San Diego St,74,11
2010,1,3,Memphis,3,58,West Virginia,Lamar,43,14
2010,1,3,Memphis,7,60,LSU,Hartford,39,10
2010,1,3,Memphis,2,72,Duke,Hampton,37,15
2010,2,3,Memphis,1,92,Tennessee,Dayton,64,8
2010,2,3,Memphis,5,33,Georgetown,Baylor,49,4
2010,2,3,Memphis,11,64,San Diego St,West Virginia,55,3
2010,2,3,Memphis,7,52,LSU,Duke,60,2
2010,3,3,Memphis,1,62,Tennessee,Baylor,77,4
2010,3,3,Memphis,11,58,San Diego St,Duke,66,2
2010,4,3,Memphis,4,51,Baylor,Duke,48,2
2010,1,4,Sacramento,1,79,Stanford,UC-Riverside,47,16
2010,1,4,Sacramento,8,70,Iowa,Rutgers,63,9
2010,1,4,Sacramento,5,64,Georgia,Tulane,59,12
2010,1,4,Sacramento,4,70,Oklahoma St,Chattanooga,63,13
2010,1,4,Sacramento,6,83,Vanderbilt,DePaul,76,11
2010,1,4,Sacramento,3,94,Xavier,East Tennessee St,82,14
2010,1,4,Sacramento,7,82,Gonzaga,North Carolina,76,10
2010,1,4,Sacramento,2,84,Texas A&M,Portland St,53,15
2010,2,4,Sacramento,1,96,Stanford,Iowa,67,8
2010,2,4,Sacramento,5,74,Georgia,Oklahoma St,71,4
2010,2,4,Sacramento,6,62,Vanderbilt,Xavier,63,3
2010,2,4,Sacramento,7,72,Gonzaga,Texas A&M,71,2
2010,3,4,Sacramento,1,73,Stanford,Georgia,36,5
2010,3,4,Sacramento,3,74,Xavier,Gonzaga,56,7
2010,4,4,Sacramento,1,55,Stanford,Xavier,53,3
2010,5,0,National,1,70,Connecticut,Baylor,50,4
2010,5,0,National,3,66,Oklahoma,Stanford,73,1
2010,6,0,National,1,53,Connecticut,Stanford,47,1
2011,1,1,Dallas,1,66,Baylor,Prairie View,30,16
2011,1,1,Dallas,8,73,Houston,West Virginia,79,9
2011,1,1,Dallas,5,59,Wisconsin Green Bay,Arkansas Little Rock,55,12
2011,1,1,Dallas,4,69,Michigan St,Northern Iowa,66,13
2011,1,1,Dallas,6,56,Georgia,Middle Tennessee St,41,11
2011,1,1,Dallas,3,76,Florida St,Samford,46,14
2011,1,1,Dallas,7,76,Rutgers,Louisiana Tech,51,10
2011,1,1,Dallas,2,87,Texas A&M,McNeese St,47,15
2011,2,1,Dallas,1,82,Baylor,West Virginia,68,9
2011,2,1,Dallas,5,65,Wisconsin Green Bay,Michigan St,56,4
2011,2,1,Dallas,6,61,Georgia,Florida St,59,3
2011,2,1,Dallas,7,48,Rutgers,Texas A&M,70,2
2011,3,1,Dallas,1,86,Baylor,Wisconsin Green Bay,76,5
2011,3,1,Dallas,6,38,Georgia,Texas A&M,79,2
2011,4,1,Dallas,1,46,Baylor,Texas A&M,58,2
2011,1,2,Dayton,1,99,Tennessee,Stetson,34,16
2011,1,2,Dayton,8,68,Marquette,Texas,65,9
2011,1,2,Dayton,5,69,Georgia Tech,Bowling Green,58,12
2011,1,2,Dayton,4,80,Ohio St,Central Florida,69,13
2011,1,2,Dayton,6,86,Oklahoma,James Madison,72,11
2011,1,2,Dayton,3,80,Miami,Gardner Webb,62,14
2011,1,2,Dayton,7,45,Arizona St,Temple,63,10
2011,1,2,Dayton,2,67,Notre Dame,Utah,54,15
2011,2,2,Dayton,1,79,Tennessee,Marquette,70,8
2011,2,2,Dayton,5,60,Georgia Tech,Ohio St,67,4
2011,2,2,Dayton,6,88,Oklahoma,Miami,83,3
2011,2,2,Dayton,10,64,Temple,Notre Dame,77,2
2011,3,2,Dayton,1,85,Tennessee,Ohio St,75,4
2011,3,2,Dayton,6,53,Oklahoma,Notre Dame,78,2
2011,4,2,Dayton,1,59,Tennessee,Notre Dame,73,2
2011,1,3,Philadelphia,1,75,Connecticut,Hartford,39,16
2011,1,3,Philadelphia,8,45,Kansas St,Purdue,53,9
2011,1,3,Philadelphia,5,65,Georgetown,Princeton,49,12
2011,1,3,Philadelphia,4,70,Maryland,St Francis,48,13
2011,1,3,Philadelphia,6,75,Penn St,Dayton,66,11
2011,1,3,Philadelphia,3,56,DePaul,Navy,43,14
2011,1,3,Philadelphia,7,64,Iowa St,Marist,74,10
2011,1,3,Philadelphia,2,90,Duke,UT-Martin,45,15
2011,2,3,Philadelphia,1,64,Connecticut,Purdue,40,9
2011,2,3,Philadelphia,5,79,Georgetown,Maryland,57,4
2011,2,3,Philadelphia,6,73,Penn St,DePaul,75,3
2011,2,3,Philadelphia,10,66,Marist,Duke,71,2
2011,3,3,Philadelphia,1,68,Connecticut,Georgetown,63,5
2011,3,3,Philadelphia,3,63,DePaul,Duke,70,2
2011,4,3,Philadelphia,1,75,Connecticut,Duke,40,2
2011,1,4,Spokane,1,86,Stanford,UC Davis,59,16
2011,1,4,Spokane,8,50,Texas Tech,St Johns,55,9
2011,1,4,Spokane,5,82,North Carolina,Fresno St,68,12
2011,1,4,Spokane,4,66,Kentucky,Hampton,62,13
2011,1,4,Spokane,6,86,Iowa,Gonzaga,92,11
2011,1,4,Spokane,3,55,UCLA,Montana,47,14
2011,1,4,Spokane,7,81,Louisville,Vanderbilt,62,10
2011,1,4,Spokane,2,72,Xavier,South Dakota St,56,15
2011,2,4,Spokane,1,75,Stanford,St Johns,49,9
2011,2,4,Spokane,5,86,North Carolina,Kentucky,74,4
2011,2,4,Spokane,11,89,Gonzaga,UCLA,75,3
2011,2,4,Spokane,7,85,Louisville,Xavier,75,2
2011,3,4,Spokane,1,72,Stanford,North Carolina,65,5
2011,3,4,Spokane,11,76,Gonzaga,Louisville,69,7
2011,4,4,Spokane,1,83,Stanford,Gonzaga,60,11
2011,5,0,National,2,63,Texas A&M,Stanford,62,1
2011,5,0,National,2,72,Notre Dame,Connecticut,63,1
2011,6,0,National,2,76,Texas A&M,Notre Dame,70,2
2012,1,1,Desmoines,1,81,Baylor,Santa Barbara,40,16
2012,1,1,Desmoines,8,65,Ohio St,Florida,70,9
2012,1,1,Desmoines,5,61,Georgetown,Fresno St,56,12
2012,1,1,Desmoines,4,76,Georgia Tech,Sacred Heart,50,13
2012,1,1,Desmoines,6,49,Nebraska,Kansas,57,11
2012,1,1,Desmoines,3,73,Delaware,Arkansas Little Rock,42,14
2012,1,1,Desmoines,7,59,DePaul,BYU,55,10
2012,1,1,Desmoines,2,72,Tennessee,UT-Martin,49,15
2012,2,1,Desmoines,1,76,Baylor,Florida,57,9
2012,2,1,Desmoines,5,64,Georgetown,Georgia Tech,76,4
2012,2,1,Desmoines,11,70,Kansas,Delaware,64,3
2012,2,1,Desmoines,7,48,DePaul,Tennessee,63,2
2012,3,1,Desmoines,1,83,Baylor,Georgia Tech,68,4
2012,3,1,Desmoines,11,73,Kansas,Tennessee,84,2
2012,4,1,Desmoines,1,77,Baylor,Tennessee,58,2
2012,1,2,Fresno,1,73,Stanford,Hampton,51,16
2012,1,2,Fresno,8,68,West Virginia,Texas,55,9
2012,1,2,Fresno,5,80,South Carolina,Eastern Michigan,48,12
2012,1,2,Fresno,4,83,Purdue,South Dakota St,68,13
2012,1,2,Fresno,6,88,Oklahoma,Michigan,67,11
2012,1,2,Fresno,3,69,St Johns,Creighton,67,14
2012,1,2,Fresno,7,60,Vanderbilt,Middle Tennessee St,46,10
2012,1,2,Fresno,2,82,Duke,Samford,47,15
2012,2,2,Fresno,1,72,Stanford,West Virginia,55,8
2012,2,2,Fresno,5,72,South Carolina,Purdue,61,4
2012,2,2,Fresno,6,70,Oklahoma,St Johns,74,3
2012,2,2,Fresno,7,80,Vanderbilt,Duke,96,2
2012,3,2,Fresno,1,76,Stanford,South Carolina,60,5
2012,3,2,Fresno,3,47,St Johns,Duke,74,2
2012,4,2,Fresno,1,81,Stanford,Duke,69,2
2012,1,3,Kingston,1,83,Connecticut,Prairie View,47,16
2012,1,3,Kingston,8,67,Kansas St,Princeton,64,9
2012,1,3,Kingston,5,64,LSU,San Diego St,56,12
2012,1,3,Kingston,4,85,Penn St,UTEP,77,13
2012,1,3,Kingston,6,73,Rutgers,Gonzaga,86,11
2012,1,3,Kingston,3,70,Miami,Idaho St,42,14
2012,1,3,Kingston,7,71,Wisconsin Green Bay,Iowa St,57,10
2012,1,3,Kingston,2,68,Kentucky,McNeese St,62,15
2012,2,3,Kingston,1,72,Connecticut,Kansas St,26,8
2012,2,3,Kingston,5,80,LSU,Penn St,90,4
2012,2,3,Kingston,11,65,Gonzaga,Miami,54,3
2012,2,3,Kingston,7,62,Wisconsin Green Bay,Kentucky,65,2
2012,3,3,Kingston,1,77,Connecticut,Penn St,59,4
2012,3,3,Kingston,11,62,Gonzaga,Kentucky,79,2
2012,4,3,Kingston,1,80,Connecticut,Kentucky,65,2
2012,1,4,Raleigh,1,74,Notre Dame,Liberty,43,16
2012,1,4,Raleigh,8,84,California,Iowa,74,9
2012,1,4,Raleigh,5,72,St Bonaventure,Florida Gulf Coast,65,12
2012,1,4,Raleigh,4,70,Georgia,Marist,76,13
2012,1,4,Raleigh,6,72,Arkansas,Dayton,55,11
2012,1,4,Raleigh,3,69,Texas A&M,Albany,47,14
2012,1,4,Raleigh,7,67,Louisville,Michigan St,55,10
2012,1,4,Raleigh,2,59,Maryland,Navy,44,15
2012,2,4,Raleigh,1,73,Notre Dame,California,62,8
2012,2,4,Raleigh,5,66,St Bonaventure,Marist,63,13
2012,2,4,Raleigh,6,59,Arkansas,Texas A&M,61,3
2012,2,4,Raleigh,7,68,Louisville,Maryland,72,2
2012,3,4,Raleigh,1,79,Notre Dame,St Bonaventure,35,5
2012,3,4,Raleigh,3,74,Texas A&M,Maryland,81,2
2012,4,4,Raleigh,1,80,Notre Dame,Maryland,49,2
2012,5,0,National,1,59,Baylor,Stanford,47,1
2012,5,0,National,1,75,Connecticut,Notre Dame,83,1
2012,6,0,National,1,80,Baylor,Notre Dame,61,1
2013,1,1,Bridgeport,1,105,Connecticut,Idaho,37,16
2013,1,1,Bridgeport,8,60,Vanderbilt,St Josephs,54,9
2013,1,1,Bridgeport,5,55,Michigan St,Marist,47,12
2013,1,1,Bridgeport,4,72,Maryland,Quinnipiac,52,13
2013,1,1,Bridgeport,6,66,Delaware,West Virginia,53,11
2013,1,1,Bridgeport,3,59,North Carolina,Albany,54,14
2013,1,1,Bridgeport,7,96,Dayton,St Johns,90,10
2013,1,1,Bridgeport,2,61,Kentucky,Navy,41,15
2013,2,1,Bridgeport,1,77,Connecticut,Vanderbilt,44,8
2013,2,1,Bridgeport,5,49,Michigan St,Maryland,74,4
2013,2,1,Bridgeport,6,78,Delaware,North Carolina,69,3
2013,2,1,Bridgeport,7,70,Dayton,Kentucky,84,2
2013,3,1,Bridgeport,1,76,Connecticut,Maryland,50,4
2013,3,1,Bridgeport,6,62,Delaware,Kentucky,69,2
2013,4,1,Bridgeport,1,83,Connecticut,Kentucky,53,2
2013,1,2,Norfolk,1,97,Notre Dame,UT-Martin,64,16
2013,1,2,Norfolk,8,53,Miami,Iowa,69,9
2013,1,2,Norfolk,5,52,Colorado,Kansas,67,12
2013,1,2,Norfolk,4,74,South Carolina,South Dakota St,53,13
2013,1,2,Norfolk,6,73,Nebraska,Chattanooga,59,11
2013,1,2,Norfolk,3,71,Texas A&M,Wichita St,45,14
2013,1,2,Norfolk,7,73,Oklahoma St,DePaul,56,10
2013,1,2,Norfolk,2,67,Duke,Hampton,51,15
2013,2,2,Norfolk,1,74,Notre Dame,Iowa,57,9
2013,2,2,Norfolk,12,75,Kansas,South Carolina,69,4
2013,2,2,Norfolk,6,74,Nebraska,Texas A&M,63,3
2013,2,2,Norfolk,7,59,Oklahoma St,Duke,68,2
2013,3,2,Norfolk,1,93,Notre Dame,Kansas,63,12
2013,3,2,Norfolk,6,45,Nebraska,Duke,53,2
2013,4,2,Norfolk,1,87,Notre Dame,Duke,76,2
2013,1,3,Oklahomacity,1,82,Baylor,Prairie View,40,16
2013,1,3,Oklahomacity,8,60,Florida St,Princeton,44,9
2013,1,3,Oklahomacity,5,74,Louisville,Middle Tennessee St,49,12
2013,1,3,Oklahomacity,4,77,Purdue,Liberty,43,13
2013,1,3,Oklahomacity,6,78,Oklahoma,Central Michigan,73,11
2013,1,3,Oklahomacity,3,66,UCLA,Stetson,49,14
2013,1,3,Oklahomacity,7,56,Syracuse,Creighton,61,10
2013,1,3,Oklahomacity,2,83,Tennessee,Oral Roberts,62,15
2013,2,3,Oklahomacity,1,85,Baylor,Florida St,47,8
2013,2,3,Oklahomacity,5,76,Louisville,Purdue,63,4
2013,2,3,Oklahomacity,6,85,Oklahoma,UCLA,72,3
2013,2,3,Oklahomacity,10,52,Creighton,Tennessee,68,2
2013,3,3,Oklahomacity,1,81,Baylor,Louisville,82,5
2013,3,3,Oklahomacity,6,59,Oklahoma,Tennessee,74,2
2013,4,3,Oklahomacity,5,86,Louisville,Tennessee,78,2
2013,1,4,Spokane,1,72,Stanford,Tulsa,56,16
2013,1,4,Spokane,8,60,Michigan,Villanova,52,9
2013,1,4,Spokane,5,72,Iowa St,Gonzaga,60,12
2013,1,4,Spokane,4,70,Georgia,Montana,50,13
2013,1,4,Spokane,6,75,LSU,Wisconsin Green Bay,71,11
2013,1,4,Spokane,3,85,Penn St,Cal Poly,55,14
2013,1,4,Spokane,7,70,Texas Tech,South Florida,71,10
2013,1,4,Spokane,2,90,California,Fresno St,76,15
2013,2,4,Spokane,1,73,Stanford,Michigan,40,8
2013,2,4,Spokane,5,60,Iowa St,Georgia,65,4
2013,2,4,Spokane,6,71,LSU,Penn St,66,3
2013,2,4,Spokane,10,78,South Florida,California,82,2
2013,3,4,Spokane,1,59,Stanford,Georgia,61,4
2013,3,4,Spokane,6,63,LSU,California,73,2
2013,4,4,Spokane,4,62,Georgia,California,65,2
2013,5,0,National,1,,Connecticut,Notre Dame,,1
2013,5,0,National,5,64,Louisville,California,57,2
2014,1,1,Lincoln,1,87,Connecticut,Prairie View,44,16
2014,1,1,Lincoln,8,57,Georgia,St Josephs,67,9
2014,1,1,Lincoln,5,57,NC State,BYU,72,12
2014,1,1,Lincoln,4,74,Nebraska,Fresno St,55,13
2014,1,1,Lincoln,6,63,Gonzaga,James Madison,72,11
2014,1,1,Lincoln,3,70,Texas A&M,North Dakota,55,14
2014,1,1,Lincoln,7,104,DePaul,Oklahoma,100,10
2014,1,1,Lincoln,2,87,Duke,Winthrop,45,15
2014,2,1,Lincoln,1,91,Connecticut,St Josephs,52,9
2014,2,1,Lincoln,12,80,BYU,Nebraska,76,4
2014,2,1,Lincoln,11,69,James Madison,Texas A&M,85,3
2014,2,1,Lincoln,7,74,DePaul,Duke,65,2
2014,3,1,Lincoln,1,70,Connecticut,BYU,51,12
2014,3,1,Lincoln,3,84,Texas A&M,DePaul,65,7
2014,4,1,Lincoln,1,69,Connecticut,Texas A&M,54,3
2014,1,2,Louisville,1,70,Tennessee,Northwestern St,46,16
2014,1,2,Louisville,8,71,St Johns,USC,68,9
2014,1,2,Louisville,5,79,Texas,Pennsylvania,61,12
2014,1,2,Louisville,4,90,Maryland,Army,52,13
2014,1,2,Louisville,6,87,Iowa,Marist,65,11
2014,1,2,Louisville,3,88,Louisville,Idaho,42,14
2014,1,2,Louisville,7,98,LSU,Georgia Tech,78,10
2014,1,2,Louisville,2,76,West Virginia,Albany,61,15
2014,2,2,Louisville,1,67,Tennessee,St Johns,51,8
2014,2,2,Louisville,5,64,Texas,Maryland,69,4
2014,2,2,Louisville,6,53,Iowa,Louisville,83,3
2014,2,2,Louisville,7,76,LSU,West Virginia,67,2
2014,3,2,Louisville,1,62,Tennessee,Maryland,73,4
2014,3,2,Louisville,3,73,Louisville,LSU,47,7
2014,4,2,Louisville,4,76,Maryland,Louisville,73,3
2014,1,3,Southbend,1,93,Notre Dame,Robert Morris,42,16
2014,1,3,Southbend,8,61,Vanderbilt,Arizona St,69,9
2014,1,3,Southbend,5,61,Oklahoma St,Florida Gulf Coast,60,12
2014,1,3,Southbend,4,84,Purdue,Akron,55,13
2014,1,3,Southbend,6,59,Syracuse,Chattanooga,53,11
2014,1,3,Southbend,3,106,Kentucky,Wright St,60,14
2014,1,3,Southbend,7,64,California,Fordham,63,10
2014,1,3,Southbend,2,87,Baylor,Western Kentucky,74,15
2014,2,3,Southbend,1,84,Notre Dame,Arizona St,67,9
2014,2,3,Southbend,5,73,Oklahoma St,Purdue,66,4
2014,2,3,Southbend,6,59,Syracuse,Kentucky,64,3
2014,2,3,Southbend,7,56,California,Baylor,75,2
2014,3,3,Southbend,1,89,Notre Dame,Oklahoma St,72,5
2014,3,3,Southbend,3,72,Kentucky,Baylor,90,2
2014,4,3,Southbend,1,88,Notre Dame,Baylor,69,2
2014,1,4,Stanford,1,73,South Carolina,Cal St Northridge,58,16
2014,1,4,Stanford,8,36,Middle Tennessee St,Oregon St,55,9
2014,1,4,Stanford,5,91,Michigan St,Hampton,61,12
2014,1,4,Stanford,4,60,North Carolina,UT-Martin,58,13
2014,1,4,Stanford,6,69,Dayton,Florida,83,11
2014,1,4,Stanford,3,62,Penn St,Wichita St,56,14
2014,1,4,Stanford,7,44,Iowa St,Florida St,55,10
2014,1,4,Stanford,2,81,Stanford,South Dakota,62,15
2014,2,4,Stanford,1,78,South Carolina,Oregon St,69,9
2014,2,4,Stanford,5,53,Michigan St,North Carolina,62,4
2014,2,4,Stanford,11,61,Florida,Penn St,83,3
2014,2,4,Stanford,10,44,Florida St,Stanford,63,2
2014,3,4,Stanford,1,58,South Carolina,North Carolina,65,4
2014,3,4,Stanford,3,57,Penn St,Stanford,82,2
2014,4,4,Stanford,4,65,North Carolina,Stanford,74,2
2014,5,0,National,1,75,Connecticut,Stanford,56,2
2014,5,0,National,4,61,Maryland,Notre Dame,87,1
2014,6,0,National,1,79,Connecticut,Notre Dame,58,1
2015,1,1,Albany,1,89,Connecticut,St. Francis (NY),33,16
2015,1,1,Albany,8,79,Rutgers,Seton Hall,66,9
2015,1,1,Albany,5,66,Texas,Western Kentucky,64,12
2015,1,1,Albany,4,78,California,Wichita St,66,13
2015,1,1,Albany,6,73,South Florida,LSU,64,11
2015,1,1,Albany,3,86,Louisville,BYU,53,14
2015,1,1,Albany,7,78,Dayton,Iowa St,66,10
2015,1,1,Albany,2,97,Kentucky,Tennessee St,52,15
2015,2,1,Albany,1,91,Connecticut,Rutgers,55,8
2015,2,1,Albany,5,73,Texas,California,70,4
2015,2,1,Albany,6,52,South Florida,Louisville,60,3
2015,2,1,Albany,7,99,Dayton,Kentucky,94,2
2015,3,1,Albany,1,105,Connecticut,Texas,54,5
2015,3,1,Albany,3,66,Louisville,Dayton,82,7
2015,4,1,Albany,1,91,Connecticut,Dayton,70,7
2015,1,2,Greensboro,1,81,South Carolina,Savannah State,48,16
2015,1,2,Greensboro,8,72,Syracuse,Nebraska,69,9
2015,1,2,Greensboro,5,90,Ohio St,James Madison,80,12
2015,1,2,Greensboro,4,71,North Carolina,Liberty,65,13
2015,1,2,Greensboro,6,60,Texas A&M,Arkansas Little Rock,69,11
2015,1,2,Greensboro,3,74,Arizona St,Ohio,55,14
2015,1,2,Greensboro,7,75,Florida Gulf Coast,Oklahoma St,67,10
2015,1,2,Greensboro,2,91,Florida St,Alabama St,49,15
2015,2,2,Greensboro,1,97,South Carolina,Syracuse,68,8
2015,2,2,Greensboro,5,84,Ohio St,North Carolina,86,4
2015,2,2,Greensboro,11,54,Arkansas Little Rock,Arizona St,57,3
2015,2,2,Greensboro,7,47,Florida Gulf Coast,Florida St,65,2
2015,3,2,Greensboro,1,67,South Carolina,North Carolina,65,4
2015,3,2,Greensboro,3,65,Arizona St,Florida St,66,2
2015,4,2,Greensboro,1,80,South Carolina,Florida St,74,2
2015,1,3,Oklahomacity,1,77,Notre Dame,Montana,43,16
2015,1,3,Oklahomacity,8,72,Minnesota,DePaul,79,9
2015,1,3,Oklahomacity,5,111,Oklahoma,Quinnipiac,84,12
2015,1,3,Oklahomacity,4,73,Stanford,Cal St Northridge,60,13
2015,1,3,Oklahomacity,6,80,Washington,Miami,86,11
2015,1,3,Oklahomacity,3,75,Iowa,American,67,14
2015,1,3,Oklahomacity,7,55,Northwestern,Arkansas,57,10
2015,1,3,Oklahomacity,2,77,Baylor,Northwestern St,36,15
2015,2,3,Oklahomacity,1,79,Notre Dame,DePaul,67,9
2015,2,3,Oklahomacity,5,76,Oklahoma,Stanford,86,4
2015,2,3,Oklahomacity,11,70,Miami,Iowa,88,3
2015,2,3,Oklahomacity,10,44,Arkansas,Baylor,73,2
2015,3,3,Oklahomacity,1,81,Notre Dame,Stanford,60,4
2015,3,3,Oklahomacity,3,66,Iowa,Baylor,81,2
2015,4,3,Oklahomacity,1,77,Notre Dame,Baylor,68,2
2015,1,4,Spokane,1,75,Maryland,New Mexico St,57,16
2015,1,4,Spokane,8,80,Princeton,Wisconsin Green Bay,70,9
2015,1,4,Spokane,5,57,Mississippi St,Tulane,47,12
2015,1,4,Spokane,4,54,Duke,Albany,52,13
2015,1,4,Spokane,6,69,George Washington,Gonzaga,82,11
2015,1,4,Spokane,3,74,Oregon St,South Dakota St,62,14
2015,1,4,Spokane,7,40,Chattanooga,Pittsburgh,51,10
2015,1,4,Spokane,2,72,Tennessee,Boise St,61,15
2015,2,4,Spokane,1,85,Maryland,Princeton,70,8
2015,2,4,Spokane,5,56,Mississippi St,Duke,64,4
2015,2,4,Spokane,11,76,Gonzaga,Oregon St,64,3
2015,2,4,Spokane,10,67,Pittsburgh,Tennessee,77,2
2015,3,4,Spokane,1,65,Maryland,Duke,55,4
2015,3,4,Spokane,11,69,Gonzaga,Tennessee,73,2
2015,4,4,Spokane,1,58,Maryland,Tennessee,48,2
2015,5,0,National,1,81,Connecticut,Maryland,58,1
2015,5,0,National,1,65,South Carolina,Notre Dame,66,1
2015,6,0,National,1,63,Connecticut,Notre Dame,53,1
2016,1,1,Bridgeport,1,101,Connecticut,Robert Morris,49,16
2016,1,1,Bridgeport,8,76,Seton Hall,Duquesne,97,9
2016,1,1,Bridgeport,5,60,Mississippi St,Chattanooga,50,12
2016,1,1,Bridgeport,4,74,Michigan St,Belmont,60,13
2016,1,1,Bridgeport,6,48,South Florida,Colorado St,45,11
2016,1,1,Bridgeport,3,66,UCLA,Hawaii,50,14
2016,1,1,Bridgeport,7,69,BYU,Missouri,78,10
2016,1,1,Bridgeport,2,86,Texas,Alabama St,42,15
2016,2,1,Bridgeport,1,97,Connecticut,Duquesne,51,9
2016,2,1,Bridgeport,5,74,Mississippi St,Michigan St,72,4
2016,2,1,Bridgeport,6,67,South Florida,UCLA,72,3
2016,2,1,Bridgeport,10,55,Missouri,Texas,73,2
2016,3,1,Bridgeport,1,98,Connecticut,Mississippi St,38,5
2016,3,1,Bridgeport,3,64,UCLA,Texas,72,2
2016,4,1,Bridgeport,1,86,Connecticut,Texas,65,2
2016,1,2,Dallas,1,89,Baylor,Idaho,59,16
2016,1,2,Dallas,8,57,St Johns,Auburn,68,9
2016,1,2,Dallas,5,72,Florida St,Middle Tennessee St,55,12
2016,1,2,Dallas,4,74,Texas A&M,Southwest Missouri St,65,13
2016,1,2,Dallas,6,97,DePaul,James Madison,67,11
2016,1,2,Dallas,3,87,Louisville,Central Arkansas,60,14
2016,1,2,Dallas,7,54,Oklahoma St,St Bonaventure,65,10
2016,1,2,Dallas,2,73,Oregon St,Troy,31,15
2016,2,2,Dallas,1,84,Baylor,Auburn,52,9
2016,2,2,Dallas,5,74,Florida St,Texas A&M,56,4
2016,2,2,Dallas,6,73,DePaul,Louisville,72,3
2016,2,2,Dallas,10,40,St Bonaventure,Oregon St,69,2
2016,3,2,Dallas,1,78,Baylor,Florida St,58,5
2016,3,2,Dallas,6,71,DePaul,Oregon St,83,2
2016,4,2,Dallas,1,57,Baylor,Oregon St,60,2
2016,1,3,Lexington,1,95,Notre Dame,North Carolina A&T,61,16
2016,1,3,Lexington,8,58,Georgia,Indiana,62,9
2016,1,3,Lexington,5,71,Miami,South Dakota St,74,12
2016,1,3,Lexington,4,85,Stanford,San Francisco,58,13
2016,1,3,Lexington,6,61,Oklahoma,Purdue,45,11
2016,1,3,Lexington,3,85,Kentucky,UNC Asheville,31,14
2016,1,3,Lexington,7,65,Washington,Pennsylvania,53,10
2016,1,3,Lexington,2,74,Maryland,Iona,58,15
2016,2,3,Lexington,1,87,Notre Dame,Indiana,70,9
2016,2,3,Lexington,12,65,South Dakota St,Stanford,66,4
2016,2,3,Lexington,6,58,Oklahoma,Kentucky,79,3
2016,2,3,Lexington,7,74,Washington,Maryland,65,2
2016,3,3,Lexington,1,84,Notre Dame,Stanford,90,4
2016,3,3,Lexington,3,72,Kentucky,Washington,85,7
2016,4,3,Lexington,4,76,Stanford,Washington,85,7
2016,1,4,Siouxfalls,1,77,South Carolina,Jacksonville,41,16
2016,1,4,Siouxfalls,8,51,George Washington,Kansas St,56,9
2016,1,4,Siouxfalls,5,59,Florida,Albany,61,12
2016,1,4,Siouxfalls,4,73,Syracuse,Army,56,13
2016,1,4,Siouxfalls,6,74,West Virginia,Princeton,65,11
2016,1,4,Siouxfalls,3,88,Ohio St,Buffalo,69,14
2016,1,4,Siouxfalls,7,59,Tennessee,Wisconsin Green Bay,53,10
2016,1,4,Siouxfalls,2,74,Arizona St,New Mexico St,52,15
2016,2,4,Siouxfalls,1,73,South Carolina,Kansas St,47,9
2016,2,4,Siouxfalls,12,59,Albany,Syracuse,76,4
2016,2,4,Siouxfalls,6,81,West Virginia,Ohio St,88,3
2016,2,4,Siouxfalls,7,75,Tennessee,Arizona St,64,2
2016,3,4,Siouxfalls,1,72,South Carolina,Syracuse,80,4
2016,3,4,Siouxfalls,3,62,Ohio St,Tennessee,78,7
2016,4,4,Siouxfalls,4,89,Syracuse,Tennessee,67,7
2016,5,0,National,1,80,Connecticut,Oregon St,51,2
2016,5,0,National,7,59,Washington,Syracuse,80,4
2016,6,0,National,1,82,Connecticut,Syracuse,51,4
2017,1,1,Bridgeport,1,116,Connecticut,Albany,55,16
2017,1,1,Bridgeport,8,85,Syracuse,Iowa St,65,9
2017,1,1,Bridgeport,5,63,Texas A&M,Pennsylvania,61,12
2017,1,1,Bridgeport,4,83,UCLA,Boise St,56,13
2017,1,1,Bridgeport,6,75,West Virginia,Elon,62,11
2017,1,1,Bridgeport,3,103,Maryland,Bucknell,61,14
2017,1,1,Bridgeport,7,70,Temple,Oregon,71,10
2017,1,1,Bridgeport,2,94,Duke,Hampton,31,15
2017,2,1,Bridgeport,1,94,Connecticut,Syracuse,64,8
2017,2,1,Bridgeport,5,43,Texas A&M,UCLA,75,4
2017,2,1,Bridgeport,6,56,West Virginia,Maryland,83,3
2017,2,1,Bridgeport,10,74,Oregon,Duke,65,2
2017,3,1,Bridgeport,1,86,Connecticut,UCLA,71,4
2017,3,1,Bridgeport,3,63,Maryland,Oregon,77,10
2017,4,1,Bridgeport,1,90,Connecticut,Oregon,52,10
2017,1,2,Lexington,1,79,Notre Dame,Robert Morris,49,16
2017,1,2,Lexington,8,62,Wisconsin Green Bay,Purdue,74,9
2017,1,2,Lexington,5,70,Ohio St,Western Kentucky,63,12
2017,1,2,Lexington,4,73,Kentucky,Belmont,70,13
2017,1,2,Lexington,6,62,NC State,Auburn,48,11
2017,1,2,Lexington,3,78,Texas,Central Arkansas,50,14
2017,1,2,Lexington,7,67,Kansas St,Drake,54,10
2017,1,2,Lexington,2,72,Stanford,New Mexico St,64,15
2017,2,2,Lexington,1,88,Notre Dame,Purdue,82,9
2017,2,2,Lexington,5,82,Ohio St,Kentucky,68,4
2017,2,2,Lexington,6,80,NC State,Texas,84,3
2017,2,2,Lexington,7,48,Kansas St,Stanford,69,2
2017,3,2,Lexington,1,99,Notre Dame,Ohio St,76,5
2017,3,2,Lexington,3,66,Texas,Stanford,77,2
2017,4,2,Lexington,1,75,Notre Dame,Stanford,76,2
2017,1,3,Oklahomacity,1,119,Baylor,Texas Southern,30,16
2017,1,3,Oklahomacity,8,52,LSU,California,55,9
2017,1,3,Oklahomacity,5,66,Tennessee,Dayton,57,12
2017,1,3,Oklahomacity,4,82,Louisville,Chattanooga,62,13
2017,1,3,Oklahomacity,6,75,Oklahoma,Gonzaga,62,11
2017,1,3,Oklahomacity,3,91,Washington,Montana St,63,14
2017,1,3,Oklahomacity,7,88,DePaul,Northern Iowa,67,10
2017,1,3,Oklahomacity,2,110,Mississippi St,Troy,69,15
2017,2,3,Oklahomacity,1,86,Baylor,California,46,9
2017,2,3,Oklahomacity,5,64,Tennessee,Louisville,75,4
2017,2,3,Oklahomacity,6,82,Oklahoma,Washington,108,3
2017,2,3,Oklahomacity,7,71,DePaul,Mississippi St,92,2
2017,3,3,Oklahomacity,1,97,Baylor,Louisville,63,4
2017,3,3,Oklahomacity,3,64,Washington,Mississippi St,75,2
2017,4,3,Oklahomacity,1,85,Baylor,Mississippi St,94,2
2017,1,4,Stockton,1,90,South Carolina,UNC Asheville,40,16
2017,1,4,Stockton,8,73,Arizona St,Michigan St,61,9
2017,1,4,Stockton,5,65,Marquette,Quinnipiac,68,12
2017,1,4,Stockton,4,62,Miami,Florida Gulf Coast,60,13
2017,1,4,Stockton,6,66,Missouri,South Florida,64,11
2017,1,4,Stockton,3,87,Florida St,Western Illinois,66,14
2017,1,4,Stockton,7,76,Creighton,Toledo,49,10
2017,1,4,Stockton,2,56,Oregon St,Long Beach St,55,15
2017,2,4,Stockton,1,71,South Carolina,Arizona St,68,8
2017,2,4,Stockton,12,85,Quinnipiac,Miami,78,4
2017,2,4,Stockton,6,55,Missouri,Florida St,77,3
2017,2,4,Stockton,7,52,Creighton,Oregon St,64,2
2017,3,4,Stockton,1,100,South Carolina,Quinnipiac,58,12
2017,3,4,Stockton,3,66,Florida St,Oregon St,53,2
2017,4,4,Stockton,1,71,South Carolina,Florida St,64,3
2017,5,0,National,1,64,Connecticut,Mississippi St,66,2
2017,5,0,National,2,53,Stanford,South Carolina,62,1
2017,6,0,National,2,55,Mississippi St,South Carolina,67,1
2018,1,1,Albany,1,140,Connecticut,St Francis,52,16
2018,1,1,Albany,8,72,Miami,Quinnipiac,86,9
2018,1,1,Albany,5,72,Duke,Belmont,58,12
2018,1,1,Albany,4,68,Georgia,Mercer,63,13
2018,1,1,Albany,6,79,South Florida,Buffalo,102,11
2018,1,1,Albany,3,91,Florida St,Arkansas Little Rock,49,14
2018,1,1,Albany,7,62,California,Virginia,68,10
2018,1,1,Albany,2,63,South Carolina,North Carolina A&T,52,15
2018,2,1,Albany,1,71,Connecticut,Quinnipiac,46,9
2018,2,1,Albany,5,66,Duke,Georgia,40,4
2018,2,1,Albany,11,86,Buffalo,Florida St,65,3
2018,2,1,Albany,10,56,Virginia,South Carolina,66,2
2018,3,1,Albany,1,72,Connecticut,Duke,59,5
2018,3,1,Albany,11,63,Buffalo,South Carolina,79,2
2018,4,1,Albany,1,94,Connecticut,South Carolina,65,2
2018,1,2,Kansascity,1,95,Mississippi St,Nicholls St,50,16
2018,1,2,Kansascity,8,57,Syracuse,Oklahoma St,84,9
2018,1,2,Kansascity,5,77,Maryland,Princeton,57,12
2018,1,2,Kansascity,4,62,NC State,Elon,35,13
2018,1,2,Kansascity,6,70,Iowa,Creighton,76,11
2018,1,2,Kansascity,3,71,UCLA,American,60,14
2018,1,2,Kansascity,7,73,Arizona St,Nebraska,62,10
2018,1,2,Kansascity,2,83,Texas,Maine,54,15
2018,2,2,Kansascity,1,71,Mississippi St,Oklahoma St,56,9
2018,2,2,Kansascity,5,60,Maryland,NC State,74,4
2018,2,2,Kansascity,11,64,Creighton,UCLA,86,3
2018,2,2,Kansascity,7,65,Arizona St,Texas,85,2
2018,3,2,Kansascity,1,71,Mississippi St,NC State,57,4
2018,3,2,Kansascity,3,84,UCLA,Texas,75,2
2018,4,2,Kansascity,1,89,Mississippi St,UCLA,73,3
2018,1,3,Lexington,1,74,Louisville,Boise St,42,16
2018,1,3,Lexington,8,84,Marquette,Dayton,65,9
2018,1,3,Lexington,5,70,Missouri,Florida Gulf Coast,80,12
2018,1,3,Lexington,4,82,Stanford,Gonzaga,68,13
2018,1,3,Lexington,6,82,Oregon St,Western Kentucky,58,11
2018,1,3,Lexington,3,100,Tennessee,Liberty,60,14
2018,1,3,Lexington,7,75,Michigan,Northern Colorado,61,10
2018,1,3,Lexington,2,96,Baylor,Grambling,46,15
2018,2,3,Lexington,1,90,Louisville,Marquette,72,8
2018,2,3,Lexington,12,70,Florida Gulf Coast,Stanford,90,4
2018,2,3,Lexington,6,66,Oregon St,Tennessee,59,3
2018,2,3,Lexington,7,58,Michigan,Baylor,80,2
2018,3,3,Lexington,1,86,Louisville,Stanford,59,4
2018,3,3,Lexington,6,72,Oregon St,Baylor,67,2
2018,4,3,Lexington,1,76,Louisville,Oregon St,43,6
2018,1,4,Spokane,1,99,Notre Dame,Cal St Northridge,81,16
2018,1,4,Spokane,8,74,South Dakota St,Villanova,81,9
2018,1,4,Spokane,5,90,DePaul,Oklahoma,79,12
2018,1,4,Spokane,4,89,Texas A&M,Drake,76,13
2018,1,4,Spokane,6,69,LSU,Central Michigan,78,11
2018,1,4,Spokane,3,87,Ohio St,George Washington,45,14
2018,1,4,Spokane,7,77,Wisconsin Green Bay,Minnesota,89,10
2018,1,4,Spokane,2,88,Oregon,Seattle,45,15
2018,2,4,Spokane,1,98,Notre Dame,Villanova,72,9
2018,2,4,Spokane,5,79,DePaul,Texas A&M,80,4
2018,2,4,Spokane,11,95,Central Michigan,Ohio St,78,3
2018,2,4,Spokane,10,73,Minnesota,Oregon,101,2
2018,3,4,Spokane,1,90,Notre Dame,Texas A&M,84,4
2018,3,4,Spokane,11,69,Central Michigan,Oregon,83,2
2018,4,4,Spokane,1,84,Notre Dame,Oregon,74,2
2018,5,0,National,1,89,Connecticut,Notre Dame,91,1
2018,5,0,National,1,73,Mississippi St,Louisville,63,1
2018,6,0,National,1,61,Notre Dame,Mississippi St,58,1
2019,1,1,Albany,1,69,Louisville,Robert Morris,34,16
2019,1,1,Albany,8,84,Michigan,Kansas St,54,9
2019,1,1,Albany,5,68,Gonzaga,Arkansas Little Rock,51,12
2019,1,1,Albany,4,80,Oregon St,Boise St,75,13
2019,1,1,Albany,6,89,UCLA,Tennessee,77,11
2019,1,1,Albany,3,73,Maryland,Radford,51,14
2019,1,1,Albany,7,71,Rutgers,Buffalo,82,10
2019,1,1,Albany,2,110,Connecticut,Towson,61,15
2019,2,1,Albany,1,71,Louisville,Michigan,50,8
2019,2,1,Albany,5,70,Gonzaga,Oregon St,76,4
2019,2,1,Albany,6,85,UCLA,Maryland,80,3
2019,2,1,Albany,10,72,Buffalo,Connecticut,84,2
2019,3,1,Albany,1,61,Louisville,Oregon St,44,4
2019,3,1,Albany,6,61,UCLA,Connecticut,69,2
2019,4,1,Albany,1,73,Louisville,Connecticut,80,2
2019,1,2,Chicago,1,92,Notre Dame,Bethune-Cookman,50,16
2019,1,2,Chicago,8,87,Central Michigan,Michigan St,88,9
2019,1,2,Chicago,5,58,Marquette,Rice,54,12
2019,1,2,Chicago,4,84,Texas A&M,Wright St,61,13
2019,1,2,Chicago,6,78,DePaul,Southwest Missouri St,89,11
2019,1,2,Chicago,3,97,Iowa St,New Mexico St,61,14
2019,1,2,Chicago,7,73,BYU,Auburn,64,10
2019,1,2,Chicago,2,79,Stanford,UC Davis,54,15
2019,2,2,Chicago,1,91,Notre Dame,Michigan St,63,9
2019,2,2,Chicago,5,76,Marquette,Texas A&M,78,4
2019,2,2,Chicago,11,69,Southwest Missouri St,Iowa St,60,3
2019,2,2,Chicago,7,63,BYU,Stanford,72,2
2019,3,2,Chicago,1,87,Notre Dame,Texas A&M,80,4
2019,3,2,Chicago,11,46,Southwest Missouri St,Stanford,55,2
2019,4,2,Chicago,1,84,Notre Dame,Stanford,68,2
2019,1,3,Greensboro,1,95,Baylor,Abilene Christian,38,16
2019,1,3,Greensboro,8,92,California,North Carolina,72,9
2019,1,3,Greensboro,5,70,Florida St,Bucknell,67,12
2019,1,3,Greensboro,4,74,South Carolina,Belmont,52,13
2019,1,3,Greensboro,6,82,Kentucky,Princeton,77,11
2019,1,3,Greensboro,3,63,NC State,Maine,51,14
2019,1,3,Greensboro,7,77,Missouri,Drake,76,10
2019,1,3,Greensboro,2,66,Iowa,Mercer,61,15
2019,2,3,Greensboro,1,102,Baylor,California,63,8
2019,2,3,Greensboro,5,64,Florida St,South Carolina,72,4
2019,2,3,Greensboro,6,57,Kentucky,NC State,72,3
2019,2,3,Greensboro,7,52,Missouri,Iowa,68,2
2019,3,3,Greensboro,1,93,Baylor,South Carolina,68,4
2019,3,3,Greensboro,3,61,NC State,Iowa,79,2
2019,4,3,Greensboro,1,85,Baylor,Iowa,53,2
2019,1,4,Portland,1,103,Mississippi St,Southern,46,16
2019,1,4,Portland,8,66,South Dakota,Clemson,79,9
2019,1,4,Portland,5,60,Arizona St,Central Florida,45,12
2019,1,4,Portland,4,69,Miami,Florida Gulf Coast,62,13
2019,1,4,Portland,6,76,South Dakota St,Quinnipiac,65,11
2019,1,4,Portland,3,70,Syracuse,Fordham,49,14
2019,1,4,Portland,7,65,Texas,Indiana,69,10
2019,1,4,Portland,2,78,Oregon,Portland St,40,15
2019,2,4,Portland,1,85,Mississippi St,Clemson,61,9
2019,2,4,Portland,5,57,Arizona St,Miami,55,4
2019,2,4,Portland,6,75,South Dakota St,Syracuse,64,3
2019,2,4,Portland,10,68,Indiana,Oregon,91,2
2019,3,4,Portland,1,76,Mississippi St,Arizona St,53,5
2019,3,4,Portland,6,53,South Dakota St,Oregon,63,2
2019,4,4,Portland,1,84,Mississippi St,Oregon,88,2
2019,5,0,National,2,76,Connecticut,Notre Dame,81,1
2019,5,0,National,1,72,Baylor,Oregon,67,2
2019,6,0,National,1,81,Notre Dame,Baylor,82,1
2021,1,1,Alamo,1,87,Stanford,Utah Valley,44,16
2021,1,1,Alamo,8,84,Oklahoma St,Wake Forest,61,9
2021,1,1,Alamo,5,70,Southwest Missouri St,UC Davis,51,12
2021,1,1,Alamo,4,62,Arkansas,Wright St,66,13
2021,1,1,Alamo,6,67,Oregon,South Dakota,47,11
2021,1,1,Alamo,3,67,Georgia,Drexel,53,14
2021,1,1,Alamo,7,62,Northwestern,Central Florida,51,10
2021,1,1,Alamo,2,74,Louisville,Marist,43,15
2021,2,1,Alamo,1,73,Stanford,Oklahoma St,62,8
2021,2,1,Alamo,5,64,Southwest Missouri St,Wright St,39,13
2021,2,1,Alamo,6,57,Oregon,Georgia,50,3
2021,2,1,Alamo,7,53,Northwestern,Louisville,62,2
2021,3,1,Alamo,1,89,Stanford,Southwest Missouri St,62,5
2021,3,1,Alamo,6,42,Oregon,Louisville,60,2
2021,4,1,Alamo,1,78,Stanford,Louisville,63,2
2021,1,2,Hemisfair,1,79,South Carolina,Mercer,53,16
2021,1,2,Hemisfair,8,83,Oregon St,Florida St,59,9
2021,1,2,Hemisfair,5,54,Georgia Tech,Stephen F Austin,52,12
2021,1,2,Hemisfair,4,77,West Virginia,Lehigh,53,13
2021,1,2,Hemisfair,6,81,Texas,Bradley,62,11
2021,1,2,Hemisfair,3,69,UCLA,Wyoming,48,14
2021,1,2,Hemisfair,7,80,Alabama,North Carolina,71,10
2021,1,2,Hemisfair,2,98,Maryland,Mount St Marys,45,15
2021,2,2,Hemisfair,1,59,South Carolina,Oregon St,42,8
2021,2,2,Hemisfair,5,73,Georgia Tech,West Virginia,56,4
2021,2,2,Hemisfair,6,71,Texas,UCLA,62,3
2021,2,2,Hemisfair,7,64,Alabama,Maryland,100,2
2021,3,2,Hemisfair,1,76,South Carolina,Georgia Tech,65,5
2021,3,2,Hemisfair,6,64,Texas,Maryland,61,2
2021,4,2,Hemisfair,1,62,South Carolina,Texas,34,6
2021,1,3,Mercado,1,79,NC State,North Carolina A&T,58,16
2021,1,3,Mercado,8,57,South Florida,Washington St,53,9
2021,1,3,Mercado,5,59,Gonzaga,Belmont,64,12
2021,1,3,Mercado,4,63,Indiana,VCU,32,13
2021,1,3,Mercado,6,66,Rutgers,BYU,69,11
2021,1,3,Mercado,3,79,Arizona,Stony Brook,44,14
2021,1,3,Mercado,7,79,Iowa St,Michigan St,75,10
2021,1,3,Mercado,2,84,Texas A&M,Troy,80,15
2021,2,3,Mercado,1,79,NC State,South Florida,67,8
2021,2,3,Mercado,12,48,Belmont,Indiana,70,4
2021,2,3,Mercado,11,46,BYU,Arizona,52,3
2021,2,3,Mercado,7,82,Iowa St,Texas A&M,84,2
2021,3,3,Mercado,1,70,NC State,Indiana,73,4
2021,3,3,Mercado,3,74,Arizona,Texas A&M,59,2
2021,4,3,Mercado,4,53,Indiana,Arizona,66,3
2021,1,4,Riverwalk,1,102,Connecticut,High Point,59,16
2021,1,4,Riverwalk,8,72,Syracuse,South Dakota St,55,9
2021,1,4,Riverwalk,5,87,Iowa,Central Michigan,72,12
2021,1,4,Riverwalk,4,71,Kentucky,Idaho St,63,13
2021,1,4,Riverwalk,6,87,Michigan,Florida Gulf Coast,66,11
2021,1,4,Riverwalk,3,87,Tennessee,Middle Tennessee St,62,14
2021,1,4,Riverwalk,7,70,Virginia Tech,Marquette,63,10
2021,1,4,Riverwalk,2,101,Baylor,Jackson St,52,15
2021,2,4,Riverwalk,1,83,Connecticut,Syracuse,47,8
2021,2,4,Riverwalk,5,86,Iowa,Kentucky,72,4
2021,2,4,Riverwalk,6,70,Michigan,Tennessee,55,3
2021,2,4,Riverwalk,7,48,Virginia Tech,Baylor,90,2
2021,3,4,Riverwalk,1,92,Connecticut,Iowa,72,5
2021,3,4,Riverwalk,6,75,Michigan,Baylor,78,2
2021,4,4,Riverwalk,1,69,Connecticut,Baylor,67,2
2021,5,0,National,1,66,Stanford,South Carolina,65,1
2021,5,0,National,3,69,Arizona,Connecticut,59,1
2021,6,0,National,1,54,Stanford,Arizona,53,3
2022,1,1,Bridgeport,1,96,NC State,Longwood,68,16
2022,1,1,Bridgeport,8,40,Washington St,Kansas St,50,9
2022,1,1,Bridgeport,5,89,Notre Dame,Massachusetts,78,12
2022,1,1,Bridgeport,4,78,Oklahoma,IUPUI,72,13
2022,1,1,Bridgeport,6,62,Kentucky,Princeton,69,11
2022,1,1,Bridgeport,3,85,Indiana,Charlotte,51,14
2022,1,1,Bridgeport,7,69,Central Florida,Florida,52,10
2022,1,1,Bridgeport,2,83,Connecticut,Mercer,38,15
2022,2,1,Bridgeport,1,89,NC State,Kansas St,57,9
2022,2,1,Bridgeport,5,108,Notre Dame,Oklahoma,64,4
2022,2,1,Bridgeport,11,55,Princeton,Indiana,56,3
2022,2,1,Bridgeport,7,47,Central Florida,Connecticut,52,2
2022,3,1,Bridgeport,1,66,NC State,Notre Dame,63,5
2022,3,1,Bridgeport,3,58,Indiana,Connecticut,75,2
2022,4,1,Bridgeport,1,87,NC State,Connecticut,91,2
2022,1,2,Greensboro,1,79,South Carolina,Howard,21,16
2022,1,2,Greensboro,8,78,Miami,South Florida,66,9
2022,1,2,Greensboro,5,79,North Carolina,Stephen F Austin,66,12
2022,1,2,Greensboro,4,72,Arizona,UNLV,67,13
2022,1,2,Greensboro,6,70,Georgia,Dayton,54,11
2022,1,2,Greensboro,3,78,Iowa St,Texas Arlington,71,14
2022,1,2,Greensboro,7,74,Colorado,Creighton,84,10
2022,1,2,Greensboro,2,98,Iowa,Illinois St,58,15
2022,2,2,Greensboro,1,49,South Carolina,Miami,33,8
2022,2,2,Greensboro,5,63,North Carolina,Arizona,45,4
2022,2,2,Greensboro,6,44,Georgia,Iowa St,67,3
2022,2,2,Greensboro,10,64,Creighton,Iowa,62,2
2022,3,2,Greensboro,1,69,South Carolina,North Carolina,61,5
2022,3,2,Greensboro,3,68,Iowa St,Creighton,76,10
2022,4,2,Greensboro,1,80,South Carolina,Creighton,50,10
2022,1,3,Spokane,1,78,Stanford,Montana St,37,16
2022,1,3,Spokane,8,77,Kansas,Georgia Tech,58,9
2022,1,3,Spokane,5,81,Virginia Tech,Florida Gulf Coast,84,12
2022,1,3,Spokane,4,102,Maryland,Delaware,71,13
2022,1,3,Spokane,6,63,Ohio St,Southwest Missouri St,56,11
2022,1,3,Spokane,3,83,LSU,Jackson St,77,14
2022,1,3,Spokane,7,92,Utah,Arkansas,69,10
2022,1,3,Spokane,2,70,Texas,Fairfield,52,15
2022,2,3,Spokane,1,91,Stanford,Kansas,65,8
2022,2,3,Spokane,12,65,Florida Gulf Coast,Maryland,89,4
2022,2,3,Spokane,6,79,Ohio St,LSU,64,3
2022,2,3,Spokane,7,56,Utah,Texas,78,2
2022,3,3,Spokane,1,72,Stanford,Maryland,66,4
2022,3,3,Spokane,6,63,Ohio St,Texas,66,2
2022,4,3,Spokane,1,59,Stanford,Texas,50,2
2022,1,4,Wichita,1,83,Louisville,Albany,51,16
2022,1,4,Wichita,8,55,Nebraska,Gonzaga,68,9
2022,1,4,Wichita,5,70,Oregon,Belmont,73,12
2022,1,4,Wichita,4,80,Tennessee,Buffalo,67,13
2022,1,4,Wichita,6,57,BYU,Villanova,61,11
2022,1,4,Wichita,3,74,Michigan,American,39,14
2022,1,4,Wichita,7,61,Ole Miss,South Dakota,75,10
2022,1,4,Wichita,2,89,Baylor,Hawaii,49,15
2022,2,4,Wichita,1,68,Louisville,Gonzaga,59,9
2022,2,4,Wichita,12,67,Belmont,Tennessee,70,4
2022,2,4,Wichita,11,49,Villanova,Michigan,64,3
2022,2,4,Wichita,10,61,South Dakota,Baylor,47,2
2022,3,4,Wichita,1,76,Louisville,Tennessee,64,4
2022,3,4,Wichita,3,52,Michigan,South Dakota,49,10
2022,4,4,Wichita,1,62,Louisville,Michigan,50,3
2022,5,0,National,2,63,Connecticut,Stanford,58,1
2022,5,0,National,1,72,South Carolina,Louisville,59,1
2022,6,0,National,2,49,Connecticut,South Carolina,64,1
2023,1,1,Greenville1,1,72,South Carolina,Norfolk St,40,16
2023,1,1,Greenville1,8,67,South Florida,Marquette,65,9
2023,1,1,Greenville1,5,85,Oklahoma,Portland,63,12
2023,1,1,Greenville1,4,67,UCLA,Sacramento State,45,13
2023,1,1,Greenville1,6,66,Creighton,Mississippi St,81,11
2023,1,1,Greenville1,3,82,Notre Dame,Southern Utah,56,14
2023,1,1,Greenville1,7,75,Arizona,West Virginia,62,10
2023,1,1,Greenville1,2,93,Maryland,Holy Cross,61,15
2023,2,1,Greenville1,1,76,South Carolina,South Florida,45,8
2023,2,1,Greenville1,5,73,Oklahoma,UCLA,82,4
2023,2,1,Greenville1,11,48,Mississippi St,Notre Dame,53,3
2023,2,1,Greenville1,7,64,Arizona,Maryland,77,2
2023,3,1,Greenville1,1,59,South Carolina,UCLA,43,4
2023,3,1,Greenville1,3,59,Notre Dame,Maryland,76,2
2023,4,1,Greenville1,1,86,South Carolina,Maryland,75,2
2023,1,2,Greenville2,1,77,Indiana,Tennessee Tech,47,16
2023,1,2,Greenville2,8,61,Oklahoma St,Miami,62,9
2023,1,2,Greenville2,5,63,Washington St,Florida Gulf Coast,74,12
2023,1,2,Greenville2,4,76,Villanova,Cleveland St,59,13
2023,1,2,Greenville2,6,71,Michigan,UNLV,59,11
2023,1,2,Greenville2,3,73,LSU,Hawaii,50,14
2023,1,2,Greenville2,7,63,NC State,Princeton,64,10
2023,1,2,Greenville2,2,103,Utah,Gardner Webb,77,15
2023,2,2,Greenville2,1,68,Indiana,Miami,70,9
2023,2,2,Greenville2,12,57,Florida Gulf Coast,Villanova,76,4
2023,2,2,Greenville2,6,42,Michigan,LSU,66,3
2023,2,2,Greenville2,10,56,Princeton,Utah,63,2
2023,3,2,Greenville2,9,70,Miami,Villanova,65,4
2023,3,2,Greenville2,3,66,LSU,Utah,63,2
2023,4,2,Greenville2,9,42,Miami,LSU,54,3
2023,1,3,Seattle3,1,58,Virginia Tech,Chattanooga,33,16
2023,1,3,Seattle3,8,57,USC,South Dakota St,62,9
2023,1,3,Seattle3,5,73,Iowa St,Toledo,80,12
2023,1,3,Seattle3,4,95,Tennessee,St Louis,50,13
2023,1,3,Seattle3,6,61,North Carolina,St Johns,59,11
2023,1,3,Seattle3,3,80,Ohio St,James Madison,66,14
2023,1,3,Seattle3,7,78,Baylor,Alabama,74,10
2023,1,3,Seattle3,2,95,Connecticut,Vermont,52,15
2023,2,3,Seattle3,1,72,Virginia Tech,South Dakota St,60,9
2023,2,3,Seattle3,12,47,Toledo,Tennessee,94,4
2023,2,3,Seattle3,6,69,North Carolina,Ohio St,71,3
2023,2,3,Seattle3,7,58,Baylor,Connecticut,77,2
2023,3,3,Seattle3,1,73,Virginia Tech,Tennessee,64,4
2023,3,3,Seattle3,3,73,Ohio St,Connecticut,61,2
2023,4,3,Seattle3,1,84,Virginia Tech,Ohio St,74,3
2023,1,4,Seattle4,1,92,Stanford,Sacred Heart,49,16
2023,1,4,Seattle4,8,71,Ole Miss,Gonzaga,48,9
2023,1,4,Seattle4,5,83,Louisville,Drake,81,12
2023,1,4,Seattle4,4,79,Texas,East Carolina,40,13
2023,1,4,Seattle4,6,82,Colorado,Middle Tennessee St,60,11
2023,1,4,Seattle4,3,89,Duke,Iona,49,14
2023,1,4,Seattle4,7,54,Florida St,Georgia,66,10
2023,1,4,Seattle4,2,95,Iowa,Southeastern Louisiana,43,15
2023,2,4,Seattle4,1,49,Stanford,Ole Miss,54,8
2023,2,4,Seattle4,5,73,Louisville,Texas,51,4
2023,2,4,Seattle4,6,61,Colorado,Duke,53,3
2023,2,4,Seattle4,10,66,Georgia,Iowa,74,2
2023,3,4,Seattle4,8,62,Ole Miss,Louisville,72,5
2023,3,4,Seattle4,6,77,Colorado,Iowa,87,2
2023,4,4,Seattle4,5,83,Louisville,Iowa,97,2
2023,5,0,National,1,73,South Carolina,Iowa,77,2
2023,5,0,National,3,79,LSU,Virginia Tech,72,1
2023,6,0,National,2,85,Iowa,LSU,102,3
2024,1,1,Albany1,1,91,South Carolina,Presbyterian,39,16
2024,1,1,Albany1,8,59,North Carolina,Michigan St,56,9
2024,1,1,Albany1,5,73,Oklahoma,Florida Gulf Coast,70,12
2024,1,1,Albany1,4,89,Indiana,Fairfield,56,13
2024,1,1,Albany1,6,61,Nebraska,Texas A&M,59,11
2024,1,1,Albany1,3,73,Oregon St,Eastern Washington,51,14
2024,1,1,Albany1,7,67,Ole Miss,Marquette,55,10
2024,1,1,Albany1,2,81,Notre Dame,Kent St,67,15
2024,2,1,Albany1,1,88,South Carolina,North Carolina,41,8
2024,2,1,Albany1,5,68,Oklahoma,Indiana,75,4
2024,2,1,Albany1,6,51,Nebraska,Oregon St,61,3
2024,2,1,Albany1,7,56,Ole Miss,Notre Dame,71,2
2024,3,1,Albany1,1,79,South Carolina,Indiana,75,4
2024,3,1,Albany1,3,70,Oregon St,Notre Dame,65,2
2024,4,1,Albany1,1,70,South Carolina,Oregon St,58,3
2024,1,2,Albany2,1,91,Iowa,Holy Cross,65,16
2024,1,2,Albany2,8,63,West Virginia,Princeton,53,9
2024,1,2,Albany2,5,86,Colorado,Drake,72,12
2024,1,2,Albany2,4,78,Kansas St,Portland,65,13
2024,1,2,Albany2,6,69,Louisville,Middle Tennessee St,71,11
2024,1,2,Albany2,3,70,LSU,Rice,60,14
2024,1,2,Albany2,7,87,Creighton,UNLV,73,10
2024,1,2,Albany2,2,84,UCLA,California Baptist,55,15
2024,2,2,Albany2,1,64,Iowa,West Virginia,54,8
2024,2,2,Albany2,5,63,Colorado,Kansas St,50,4
2024,2,2,Albany2,11,56,Middle Tennessee St,LSU,83,3
2024,2,2,Albany2,7,63,Creighton,UCLA,67,2
2024,3,2,Albany2,1,89,Iowa,Colorado,68,5
2024,3,2,Albany2,3,78,LSU,UCLA,69,2
2024,4,2,Albany2,1,94,Iowa,LSU,87,3
2024,1,3,Portland3,1,87,USC,Texas A&M Corpus Christi,55,16
2024,1,3,Portland3,8,81,Kansas,Michigan,72,9
2024,1,3,Portland3,5,80,Baylor,Vanderbilt,63,12
2024,1,3,Portland3,4,92,Virginia Tech,Marshall,49,13
2024,1,3,Portland3,6,74,Syracuse,Arizona,69,11
2024,1,3,Portland3,3,86,Connecticut,Jackson St,64,14
2024,1,3,Portland3,7,72,Duke,Richmond,61,10
2024,1,3,Portland3,2,80,Ohio St,Maine,57,15
2024,2,3,Portland3,1,73,USC,Kansas,55,8
2024,2,3,Portland3,5,75,Baylor,Virginia Tech,72,4
2024,2,3,Portland3,6,64,Syracuse,Connecticut,72,3
2024,2,3,Portland3,7,75,Duke,Ohio St,63,2
2024,3,3,Portland3,1,74,USC,Baylor,70,5
2024,3,3,Portland3,3,53,Connecticut,Duke,45,7
2024,4,3,Portland3,1,73,USC,Connecticut,80,3
2024,1,4,Portland4,1,82,Texas,Drexel,42,16
2024,1,4,Portland4,8,82,Alabama,Florida St,74,9
2024,1,4,Portland4,5,68,Utah,South Dakota St,54,12
2024,1,4,Portland4,4,75,Gonzaga,Cal Irvine,56,13
2024,1,4,Portland4,6,92,Tennessee,Wisconsin Green Bay,63,11
2024,1,4,Portland4,3,64,NC State,Chattanooga,45,14
2024,1,4,Portland4,7,93,Iowa St,Maryland,86,10
2024,1,4,Portland4,2,79,Stanford,Norfolk St,50,15
2024,2,4,Portland4,1,65,Texas,Alabama,54,8
2024,2,4,Portland4,5,66,Utah,Gonzaga,77,4
2024,2,4,Portland4,6,72,Tennessee,NC State,79,3
2024,2,4,Portland4,7,81,Iowa St,Stanford,87,2
2024,3,4,Portland4,1,69,Texas,Gonzaga,47,4
2024,3,4,Portland4,3,77,NC State,Stanford,67,2
2024,4,4,Portland4,1,66,Texas,NC State,76,3
2024,5,0,National,1,78,South Carolina,NC State,59,3
2024,5,0,National,1,71,Iowa,Connecticut,69,3
2024,6,0,National,1,87,South Carolina,Iowa,75,1
2025,1,1,Birmingham2,1,108,South Carolina,Tennessee Tech,48,16
2025,1,1,Birmingham2,8,68,Utah,Indiana,76,9
2025,1,1,Birmingham2,5,81,Alabama,Wisconsin Green Bay,67,12
2025,1,1,Birmingham2,4,82,Maryland,Norfolk St,69,13
2025,1,1,Birmingham2,6,78,West Virginia,Columbia,59,11
2025,1,1,Birmingham2,3,70,North Carolina,Oregon St,49,14
2025,1,1,Birmingham2,7,73,Vanderbilt,Oregon,77,10
2025,1,1,Birmingham2,2,86,Duke,Lehigh,25,15
2025,2,1,Birmingham2,1,64,South Carolina,Indiana,53,9
2025,2,1,Birmingham2,5,108,Alabama,Maryland,111,4
2025,2,1,Birmingham2,6,47,West Virginia,North Carolina,58,3
2025,2,1,Birmingham2,10,53,Oregon,Duke,59,2
2025,3,1,Birmingham2,1,71,South Carolina,Maryland,67,4
2025,3,1,Birmingham2,3,38,North Carolina,Duke,47,2
2025,4,1,Birmingham2,1,54,South Carolina,Duke,50,2
2025,1,2,Birmingham3,1,105,Texas,William & Mary,61,16
2025,1,2,Birmingham3,8,66,Illinois,Creighton,57,9
2025,1,2,Birmingham3,5,101,Tennessee,South Florida,66,12
2025,1,2,Birmingham3,4,71,Ohio St,Montana St,51,13
2025,1,2,Birmingham3,6,80,Michigan,Iowa St,74,11
2025,1,2,Birmingham3,3,106,Notre Dame,Stephen F Austin,54,14
2025,1,2,Birmingham3,7,63,Louisville,Nebraska,58,10
2025,1,2,Birmingham3,2,73,TCU,Fairleigh Dickinson,51,15
2025,2,2,Birmingham3,1,65,Texas,Illinois,48,8
2025,2,2,Birmingham3,5,82,Tennessee,Ohio St,67,4
2025,2,2,Birmingham3,6,55,Michigan,Notre Dame,76,3
2025,2,2,Birmingham3,7,70,Louisville,TCU,85,2
2025,3,2,Birmingham3,1,67,Texas,Tennessee,59,5
2025,3,2,Birmingham3,3,62,Notre Dame,TCU,71,2
2025,4,2,Birmingham3,1,58,Texas,TCU,47,2
2025,1,3,Spokane1,1,84,UCLA,Southern,46,16
2025,1,3,Spokane1,8,74,Richmond,Georgia Tech,49,9
2025,1,3,Spokane1,5,83,Ole Miss,Ball St,65,12
2025,1,3,Spokane1,4,73,Baylor,Grand Canyon,60,13
2025,1,3,Spokane1,6,94,Florida St,George Mason,59,11
2025,1,3,Spokane1,3,103,LSU,San Diego St,48,14
2025,1,3,Spokane1,7,64,Michigan St,Harvard,50,10
2025,1,3,Spokane1,2,75,NC State,Vermont,55,15
2025,2,3,Spokane1,1,84,UCLA,Richmond,67,8
2025,2,3,Spokane1,5,69,Ole Miss,Baylor,63,4
2025,2,3,Spokane1,6,71,Florida St,LSU,101,3
2025,2,3,Spokane1,7,49,Michigan St,NC State,83,2
2025,3,3,Spokane1,1,76,UCLA,Ole Miss,62,5
2025,3,3,Spokane1,3,80,LSU,NC State,73,2
2025,4,3,Spokane1,1,72,UCLA,LSU,65,3
2025,1,4,Spokane4,1,71,USC,UNC Greensboro,25,16
2025,1,4,Spokane4,8,46,California,Mississippi St,59,9
2025,1,4,Spokane4,5,85,Kansas St,Fairfield,41,12
2025,1,4,Spokane4,4,79,Kentucky,Liberty,78,13
2025,1,4,Spokane4,6,92,Iowa,Murray St,57,11
2025,1,4,Spokane4,3,81,Oklahoma,Florida Gulf Coast,58,14
2025,1,4,Spokane4,7,68,Oklahoma St,South Dakota St,74,10
2025,1,4,Spokane4,2,103,Connecticut,Arkansas St,34,15
2025,2,4,Spokane4,1,96,USC,Mississippi St,59,9
2025,2,4,Spokane4,5,80,Kansas St,Kentucky,79,4
2025,2,4,Spokane4,6,62,Iowa,Oklahoma,96,3
2025,2,4,Spokane4,10,57,South Dakota St,Connecticut,91,2
2025,3,4,Spokane4,1,67,USC,Kansas St,61,5
2025,3,4,Spokane4,3,59,Oklahoma,Connecticut,82,2
2025,4,4,Spokane4,1,64,USC,Connecticut,78,2
2025,5,0,National,1,74,South Carolina,Texas,57,1
2025,5,0,National,1,51,UCLA,Connecticut,85,2
2025,6,0,National,1,59,South Carolina,Connecticut,82,2
