Rk,School,City State,From,To,Yrs,G,W,L,W-L%,SRS,SOS,AP,CREG,CTRN,NCAA,FF,NC
1,Abilene Christian,Abilene Texas,1971,2024,14,423,226,197,.534,-7.74,-5.57,0,0,2,2,0,0
2,Air Force,USAF Academy Colorado,1958,2024,67,1843,794,1049,.431,-2.80,1.33,0,1,0,4,0,0
3,Akron,Akron Ohio,1902,2024,73,1718,1027,691,.598,0.00,-1.55,0,9,6,6,0,0
4,Alabama,Tuscaloosa Alabama,1913,2024,111,2896,1794,1101,.620,7.94,4.92,18,12,9,25,1,0
5,Alabama A&M,Normal Alabama,2000,2024,25,723,277,446,.383,-16.61,-11.07,0,1,1,1,0,0
6,Alabama State,Montgomery Alabama,1983,2024,42,1240,574,666,.463,-13.25,-9.91,0,4,4,4,0,0
7,Albany (NY),Albany New York,2000,2024,25,768,367,401,.478,-7.08,-5.93,0,2,5,5,0,0
8,Alcorn State,Alcorn State Mississippi,1978,2024,47,1392,607,785,.436,-13.44,-8.67,0,12,6,6,0,0
9,Allegheny Gators,Meadville Pennsylvania,1896,1916,21,234,191,41,.823,,,0,0,0,0,0,0
10,American,Washington D.C.,1967,2024,58,1639,802,837,.489,-5.83,-3.98,0,7,3,3,0,0
11,Amherst Lord Jeffs,Amherst Massachusetts,1901,1902,2,12,12,0,1.000,,,0,0,0,0,0,0
12,Appalachian State,Boone North Carolina,1974,2024,51,1514,754,760,.498,-5.49,-3.25,0,11,3,3,0,0
13,Arizona,Tucson Arizona,1905,2024,117,2888,1913,974,.663,9.53,5.21,30,26,9,38,4,1
14,Arizona State,Tempe Arizona,1912,2024,109,2700,1431,1269,.530,5.10,4.21,7,8,0,17,0,0
15,Arkansas,Fayetteville Arkansas,1924,2024,101,2813,1799,1014,.640,7.90,3.40,18,26,7,35,6,1
16,Arkansas State,State University Arkansas,1971,2024,54,1575,805,770,.511,-3.67,-2.99,0,7,1,1,0,0
17,Arkansas-Pine Bluff,Pine Bluff Arkansas,1999,2024,26,785,233,552,.297,-19.25,-8.20,0,0,1,1,0,0
18,Armstrong Pirates,Savannah Georgia,1987,1987,1,28,6,22,.214,-21.60,-4.78,0,0,0,0,0,0
19,Army,West Point New York,1903,2024,122,2634,1304,1330,.495,-9.16,-4.74,0,0,0,0,0,0
20,Auburn,Auburn Alabama,1906,2024,118,2729,1478,1250,.542,6.14,4.42,10,5,3,13,1,0
21,Augusta Jaguars,Augusta Georgia,1985,1991,7,197,64,133,.325,-17.30,-7.99,0,0,0,0,0,0
22,Augustana (IL) Vikings,Rock Island Illinois,1902,1917,12,116,81,35,.698,,,0,0,0,0,0,0
23,Austin Peay,Clarksville Tennessee,1964,2024,61,1762,878,884,.498,-5.67,-3.47,1,8,5,7,0,0
24,Baker University Wildcats,Baldwin City Kansas,1903,1908,6,90,62,28,.689,,,0,0,0,0,0,0
25,Baldwin-Wallace Yellow Jackets,Berea Ohio,1948,1953,6,139,82,57,.590,-4.46,1.83,0,0,0,0,0,0
26,Ball State,Muncie Indiana,1972,2024,53,1560,827,733,.530,-1.11,-0.92,1,12,7,7,0,0
27,Baltimore Super Bees,Baltimore Maryland,1979,1983,5,133,46,87,.346,-13.75,-6.44,0,0,0,0,0,0
28,Baylor,Waco Texas,1907,2024,118,2887,1479,1408,.512,2.66,2.95,11,7,0,16,3,1
29,Bellarmine,Louisville Kentucky,2021,2024,4,119,57,62,.479,-6.18,-2.66,0,0,1,0,0,0
30,Belmont,Nashville Tennessee,2000,2024,25,796,533,263,.670,1.61,-3.37,0,14,8,8,0,0
31,Beloit Buccaneers,Beloit Wisconsin,1911,1924,8,95,66,28,.702,,,0,0,0,0,0,0
32,Bethune-Cookman,Daytona Beach Florida,1981,2024,43,1281,471,810,.368,-16.50,-9.81,0,2,0,0,0,0
33,Binghamton,Binghamton New York,2002,2024,23,682,249,433,.365,-11.10,-5.51,0,1,1,1,0,0
34,Birmingham-Southern Panthers,Birmingham Alabama,1920,2006,5,105,65,40,.619,-5.44,-8.72,0,1,0,0,0,0
35,Bloomsburg Huskies,Bloomsburg Pennsylvania,1896,1911,15,143,88,55,.615,,,0,0,0,0,0,0
36,Boise State,Boise Idaho,1972,2024,53,1575,895,680,.568,1.13,-0.16,1,7,6,10,0,0
37,Boston College,Chestnut Hill Massachusetts,1946,2024,79,2236,1209,1027,.541,3.19,3.36,8,6,2,18,0,0
38,Boston University,Boston Massachusetts,1916,2024,98,2283,1173,1110,.514,-6.75,-5.46,0,8,7,7,0,0
39,Bowling Green State,Bowling Green Ohio,1916,2024,109,2725,1466,1259,.538,-0.71,-0.13,2,9,0,4,0,0
40,Bradley,Peoria Illinois,1903,2024,120,3034,1769,1265,.583,4.76,2.88,12,8,4,9,2,0
41,Brigham Young,Provo Utah,1903,2024,122,3086,1939,1147,.628,8.02,3.74,12,25,3,31,0,0
42,Brigham Young College,Logan Utah,1908,1908,1,11,10,1,.909,,,0,0,0,0,0,0
43,Brooklyn Bulldogs,Brooklyn New York,1934,1992,25,567,233,334,.411,-19.22,-9.63,0,0,0,0,0,0
44,Brown,Providence Rhode Island,1901,2024,117,2688,1100,1588,.409,-10.54,-4.46,0,1,0,2,0,0
45,Bryant,Smithfield Rhode Island,2011,2024,14,427,186,241,.436,-8.94,-5.47,0,1,1,1,0,0
46,Bucknell,Lewisburg Pennsylvania,1896,2024,129,2821,1503,1318,.533,-8.33,-6.80,0,18,8,8,0,0
47,Buffalo,Buffalo New York,1907,2024,55,1355,687,668,.507,-4.67,-2.27,1,5,4,4,0,0
48,Butler,Indianapolis Indiana,1897,2024,126,2896,1675,1221,.578,2.14,3.47,8,13,7,16,2,0
49,Cal Poly,San Luis Obispo California,1995,2024,30,882,326,556,.370,-7.40,-1.79,0,1,1,1,0,0
50,Cal State Bakersfield,Bakersfield California,2011,2024,14,436,205,231,.470,-5.05,-2.85,0,1,1,1,0,0
51,Cal State Fullerton,Fullerton California,1975,2024,50,1457,696,761,.478,-1.98,-0.41,0,2,4,4,0,0
52,Cal State Los Angeles Golden Eagles,Los Angeles California,1971,1975,5,130,70,60,.538,-1.89,1.34,0,0,0,1,0,0
53,Cal State Northridge,Northridge California,1991,2024,34,1015,426,589,.420,-5.80,-1.92,0,3,2,2,0,0
54,California,Berkeley California,1908,2024,115,2960,1672,1288,.565,6.86,6.19,5,14,0,19,3,1
55,California Baptist,Riverside California,2019,2024,6,185,101,84,.546,-2.80,-3.68,0,0,0,0,0,0
56,Campbell,Buies Creek North Carolina,1978,2024,47,1366,581,785,.425,-12.10,-7.02,0,2,1,1,0,0
57,Canisius,Buffalo New York,1904,2024,120,2713,1361,1352,.502,-3.92,-1.85,1,8,1,4,0,0
58,Canterbury College,Danville Indiana,1931,1931,1,19,19,0,1.000,,,0,0,0,0,0,0
59,Carleton College Knights,Northfield Minnesota,1910,1934,25,360,280,80,.778,,,0,0,0,0,0,0
60,Carnegie Mellon Tartans,Pittsburgh Pennsylvania,1933,1939,7,87,40,47,.460,,,0,2,0,0,0,0
61,Case Western Reserve Spartans,Cleveland Ohio,1898,1955,13,245,95,150,.388,-18.31,-2.69,0,0,0,0,0,0
62,Catholic Cardinals,Washington D.C.,1913,1981,13,248,122,126,.492,-15.98,-6.69,0,0,0,1,0,0
63,Centenary (LA) Gents,Shreveport Louisiana,1960,2011,52,1435,637,798,.444,-8.73,-3.97,1,1,1,0,0,0
64,Central Arkansas,Conway Arkansas,2011,2024,14,423,127,296,.300,-14.37,-4.60,0,0,0,0,0,0
65,Central Connecticut State,New Britain Connecticut,1987,2024,38,1108,438,670,.395,-12.82,-7.71,0,4,3,3,0,0
66,Central Michigan,Mount Pleasant Michigan,1974,2024,51,1473,644,829,.437,-4.41,-0.60,0,8,2,4,0,0
67,Central Missouri Mules,Warrensburg Missouri,1913,1937,10,178,140,38,.787,,,0,0,0,0,0,0
68,Central Pennsylvania College Knights,Summerdale Pennsylvania,1896,1900,4,6,2,4,.333,,,0,0,0,0,0,0
69,Centre (KY) Colonels,Danville Kentucky,1910,1919,3,45,41,4,.911,,,0,0,0,0,0,0
70,Charleston Southern,Charleston South Carolina,1975,2024,50,1436,579,857,.403,-13.27,-6.96,0,4,4,1,0,0
71,Charlotte,Charlotte North Carolina,1973,2024,52,1551,850,701,.548,3.17,1.88,2,6,5,11,1,0
72,Chattanooga,Chattanooga Tennessee,1978,2024,47,1454,879,575,.605,-2.23,-3.54,1,20,12,12,0,0
73,Cheyenne Business College,Cheyenne Wyoming,1903,1903,1,1,1,0,1.000,,,0,0,0,0,0,0
74,Chicago Maroons,Chicago Illinois,1896,1946,46,862,419,443,.486,,,0,6,0,0,0,0
75,Chicago State,Chicago Illinois,1985,2024,40,1156,304,852,.263,-15.54,-2.20,0,0,1,0,0,0
76,Cincinnati,Cincinnati Ohio,1902,2024,123,2990,1910,1080,.639,11.58,5.11,25,25,12,33,6,2
77,City College of New York Beavers,New York New York,1906,1953,48,725,517,208,.713,-0.07,2.71,0,1,0,2,2,1
78,Clemson,Clemson South Carolina,1912,2024,113,2794,1427,1365,.511,5.78,4.39,7,1,1,14,0,0
79,Cleveland State,Cleveland Ohio,1973,2024,52,1540,774,766,.503,-3.46,-1.85,0,6,3,3,0,0
80,Coastal Carolina,Conway South Carolina,1987,2024,38,1145,577,568,.504,-7.84,-5.97,0,7,5,4,0,0
81,Colgate,Hamilton New York,1901,2024,124,2838,1394,1444,.491,-10.15,-5.66,0,9,7,7,0,0
82,College of Charleston,Charleston South Carolina,1992,2024,33,1029,710,319,.690,1.22,-3.98,2,15,6,7,0,0
83,College of New Jersey Lions,Ewing New Jersey,1900,1900,1,5,3,2,.600,,,0,0,0,0,0,0
84,Colorado,Boulder Colorado,1902,2024,121,2698,1427,1271,.529,5.57,6.06,6,19,1,16,2,0
85,Colorado College Tigers,Colorado Springs Colorado,1915,1937,23,376,233,143,.620,,,0,7,0,0,0,0
86,Colorado School of Mines Orediggers,Golden Colorado,1908,1937,28,282,80,202,.284,,,0,2,0,0,0,0
87,Colorado State,Fort Collins Colorado,1902,2024,120,2698,1371,1327,.508,3.09,2.51,1,6,1,12,0,0
88,Columbia,New York New York,1901,2024,123,2730,1332,1398,.488,-7.87,-5.09,2,13,0,3,0,0
89,Concordia Seminary Preachers,St. Louis Missouri,1907,1923,2,16,14,2,.875,,,0,0,0,0,0,0
90,Connecticut,Storrs Connecticut,1901,2024,118,2779,1781,998,.641,7.18,1.37,19,28,9,36,7,6
91,Coppin State,Baltimore Maryland,1986,2024,39,1178,517,661,.439,-11.29,-7.92,0,11,4,4,0,0
92,Cornell,Ithaca New York,1899,2024,125,2814,1323,1491,.470,-7.47,-4.42,0,8,0,5,0,0
93,Cotner College,Lincoln Nebraska,1910,1911,2,27,24,3,.889,,,0,0,0,0,0,0
94,Creighton,Omaha Nebraska,1912,2024,104,2751,1680,1071,.611,4.45,3.68,7,16,12,25,0,0
95,Cumberland,Lebanon Tennessee,1904,1904,1,4,4,0,1.000,,,0,0,0,0,0,0
96,Dakota Wesleyan Tigers,Mitchell South Dakota,1932,1932,1,20,19,1,.950,,,0,0,0,0,0,0
97,Dartmouth,Hanover New Hampshire,1900,2024,123,2941,1344,1595,.457,-10.74,-5.01,0,12,0,7,2,0
98,Davidson,Davidson North Carolina,1909,2024,115,2829,1548,1281,.547,-2.47,-2.66,6,25,13,15,0,0
99,Dayton,Dayton Ohio,1904,2024,119,2920,1759,1161,.602,7.13,3.20,9,6,2,19,1,0
100,Delaware,Newark Delaware,1906,2024,83,2038,1018,1019,.500,-8.19,-5.84,0,4,6,6,0,0
101,Delaware State,Dover Delaware,1974,2024,51,1471,562,909,.382,-16.80,-9.97,0,3,1,1,0,0
102,Denison Big Red,Granville Ohio,1905,1944,24,362,269,93,.743,,,0,0,0,0,0,0
103,Denver,Denver Colorado,1904,2024,101,2224,993,1231,.446,-4.29,-0.96,0,4,0,0,0,0
104,DePaul,Chicago Illinois,1924,2024,101,2638,1516,1122,.575,5.93,6.05,12,2,0,22,2,0
105,DePauw Tigers,Greencastle Indiana,1916,1932,17,276,182,94,.659,,,0,0,0,0,0,0
106,Detroit Mercy,Detroit Michigan,1910,2024,115,2797,1465,1332,.524,-0.31,0.80,2,2,3,6,0,0
107,Dickinson College Red Devils,Carlisle Pennsylvania,1926,1947,2,34,30,4,.882,,,0,0,0,0,0,0
108,Drake,Des Moines Iowa,1907,2024,118,2894,1369,1525,.473,1.40,2.83,5,9,3,7,1,0
109,Drexel,Philadelphia Pennsylvania,1895,2024,54,1500,822,678,.548,-3.31,-4.42,0,7,5,5,0,0
110,Duke,Durham North Carolina,1906,2024,119,3229,2300,929,.712,16.31,6.74,52,23,27,46,17,5
111,Duquesne,Pittsburgh Pennsylvania,1914,2024,108,2674,1483,1191,.555,2.05,2.01,7,2,2,6,1,0
112,East Carolina,Greenville North Carolina,1967,2024,58,1659,729,930,.439,-4.44,-0.93,0,0,2,2,0,0
113,East Central Tigers,Ada Oklahoma,1929,1931,3,74,66,8,.892,,,0,0,0,0,0,0
114,East Tennessee State,Johnson City Tennessee,1959,2024,66,1900,1036,864,.545,-3.98,-3.38,1,11,10,10,0,0
115,Eastern Illinois,Charleston Illinois,1982,2024,43,1268,566,702,.446,-8.04,-4.49,0,0,3,2,0,0
116,Eastern Kentucky,Richmond Kentucky,1948,2024,74,2014,997,1017,.495,-4.69,-2.77,0,9,5,8,0,0
117,Eastern Michigan,Ypsilanti Michigan,1933,2024,52,1531,712,819,.465,-3.71,-0.45,0,5,4,4,0,0
118,Eastern Washington,Cheney Washington,1984,2024,41,1207,550,657,.456,-5.59,-2.32,0,6,3,3,0,0
119,Elon,Elon North Carolina,2000,2024,25,766,319,447,.416,-8.52,-3.62,0,2,0,0,0,0
120,Emporia State Hornets,Emporia Kansas,1934,1934,1,18,17,1,.944,,,0,0,0,0,0,0
121,Ensign College,Salt Lake City Utah,1903,1903,1,16,15,1,.938,,,0,0,0,0,0,0
122,Evansville,Evansville Indiana,1925,2024,51,1459,753,706,.516,0.41,0.94,0,6,4,5,0,0
123,Fairfield,Fairfield Connecticut,1965,2024,60,1733,841,892,.485,-4.54,-3.12,0,3,3,3,0,0
124,FDU,Teaneck New Jersey,1968,2024,57,1613,766,847,.475,-10.18,-7.02,0,6,6,7,0,0
125,Florida,Gainesville Florida,1921,2024,103,2707,1526,1180,.564,8.19,5.15,15,9,4,24,5,2
126,Florida A&M,Tallahassee Florida,1980,2024,45,1320,500,820,.379,-15.69,-8.78,0,0,4,3,0,0
127,Florida Atlantic,Boca Raton Florida,1994,2024,31,934,389,545,.416,-7.03,-2.90,1,2,2,3,1,0
128,Florida Gulf Coast,Fort Myers Florida,2011,2024,14,451,252,199,.559,-3.36,-3.94,0,3,3,3,0,0
129,Florida International,Miami Florida,1988,2024,37,1107,447,660,.404,-7.94,-3.15,0,1,1,1,0,0
130,Florida State,Tallahassee Florida,1957,2024,68,2013,1189,824,.591,7.59,5.12,12,3,2,18,1,0
131,Fordham,Bronx New York,1903,2024,120,3047,1583,1464,.520,-2.73,-0.21,1,4,3,4,0,0
132,Franklin Grizzlies,Franklin Indiana,1907,1925,18,221,144,77,.652,,,0,0,0,0,0,0
133,Fresno State,Fresno California,1956,2024,57,1723,955,768,.554,2.42,1.80,1,6,5,6,0,0
134,Furman,Greenville South Carolina,1920,2024,103,2650,1350,1300,.509,-5.60,-4.04,0,7,7,7,0,0
135,Gardner-Webb,Boiling Springs North Carolina,2003,2024,22,690,327,363,.474,-7.28,-4.62,0,1,1,1,0,0
136,Geneva Golden Tornadoes,Beaver Falls Pennsylvania,1893,1943,10,125,80,45,.640,,,0,0,0,0,0,0
137,George Mason,Fairfax Virginia,1979,2024,46,1386,748,638,.540,-0.89,-1.32,0,4,4,6,1,0
138,George Washington,Washington D.C.,1913,2024,107,2643,1409,1234,.533,0.07,-0.11,3,7,5,11,0,0
139,Georgetown,Washington D.C.,1907,2024,116,2878,1722,1156,.598,6.58,4.13,20,11,8,31,5,1
140,Georgia,Athens Georgia,1906,2024,119,2895,1495,1400,.516,3.93,5.03,5,3,3,12,1,0
141,Georgia Southern,Statesboro Georgia,1972,2024,53,1553,786,767,.506,-6.65,-4.85,0,7,3,3,0,0
142,Georgia State,Atlanta Georgia,1974,2024,51,1492,670,822,.449,-6.90,-3.70,0,8,6,6,0,0
143,Georgia Tech,Atlanta Georgia,1920,2024,105,2749,1441,1308,.524,5.57,5.26,8,3,5,17,2,0
144,Gettysburg Bullets,Gettysburg Pennsylvania,1901,1973,41,724,385,339,.532,-15.94,-9.75,0,0,0,0,0,0
145,Gonzaga,Spokane Washington,1944,2024,73,2174,1453,721,.668,4.34,0.06,17,28,21,26,2,0
146,Grambling,Grambling Louisiana,1978,2024,47,1353,530,823,.392,-16.79,-9.25,0,5,1,1,0,0
147,Grand Canyon,Phoenix Arizona,2014,2024,11,351,230,121,.655,1.40,-3.13,0,2,3,3,0,0
148,Green Bay,Green Bay Wisconsin,1982,2024,43,1311,690,621,.526,-1.61,-1.45,0,4,4,5,0,0
149,Grinnell Pioneers,Grinnell Iowa,1901,1939,38,550,280,270,.509,,,0,0,0,0,0,0
150,Grove City Wolverines,Grove City Pennsylvania,1899,1925,27,383,257,126,.671,,,0,0,0,0,0,0
151,Hamline Pipers,St. Paul Minnesota,1945,1948,4,102,82,20,.804,,,0,0,0,0,0,0
152,Hampton,Hampton Virginia,1996,2024,29,894,443,451,.496,-9.71,-8.48,0,4,6,6,0,0
153,Hardin-Simmons Cowboys,Abilene Texas,1923,1990,45,1149,481,668,.419,-11.07,-5.69,0,1,0,2,0,0
154,Hartford Hawks,West Hartford Connecticut,1985,2023,39,1155,486,669,.421,-9.24,-5.52,0,0,1,1,0,0
155,Harvard,Boston Massachusetts,1901,2024,112,2593,1215,1378,.469,-7.96,-4.80,0,7,0,5,0,0
156,Haskell (KS) Fighting Indians,Lawrence Kansas,1903,1908,2,39,27,12,.692,,,0,0,0,0,0,0
157,Hawaii,Honolulu Hawaii,1971,2024,54,1585,845,740,.533,1.82,1.52,1,3,4,5,0,0
158,High Point,High Point North Carolina,2000,2024,25,762,368,394,.483,-8.79,-6.07,0,5,0,0,0,0
159,Hiram Terriers,Hiram Ohio,1894,1904,8,59,45,14,.763,,,0,0,0,0,0,0
160,Hofstra,Hempstead New York,1943,2024,59,1720,906,814,.527,-5.41,-4.26,0,10,6,4,0,0
161,Holy Cross,Worcester Massachusetts,1901,2024,104,2550,1449,1101,.568,-2.66,-3.94,6,6,7,13,2,1
162,Hope Flying Dutchmen,Holland Michigan,1908,1913,5,65,44,21,.677,,,0,0,0,0,0,0
163,Houston,Houston Texas,1951,2024,74,2214,1372,842,.620,6.65,2.97,14,9,8,25,6,0
164,Houston Christian,Houston Texas,1974,2024,30,864,340,524,.394,-12.27,-5.91,0,2,1,1,0,0
165,Howard,Washington D.C.,1974,2024,51,1459,580,879,.398,-14.69,-9.54,0,5,5,4,0,0
166,Idaho,Moscow Idaho,1906,2024,119,2996,1383,1611,.462,-4.57,-1.26,1,7,4,4,0,0
167,Idaho State,Pocatello Idaho,1959,2024,66,1837,798,1039,.434,-6.61,-2.76,0,4,2,5,0,0
168,Illinois,Champaign Illinois,1906,2024,119,2968,1905,1063,.642,13.12,7.79,30,18,4,34,5,0
169,Illinois State,Normal Illinois,1899,2024,65,1695,985,710,.581,3.08,1.60,0,6,4,6,0,0
170,Illinois Wesleyan Titans,Bloomington Illinois,1928,1928,1,14,13,1,.929,,,0,0,0,0,0,0
171,Illinois-Chicago,Chicago Illinois,1982,2024,43,1307,619,688,.474,-3.29,-1.41,0,2,2,3,0,0
172,Incarnate Word,San Antonio Texas,2014,2024,11,320,125,195,.391,-14.14,-6.81,0,0,0,0,0,0
173,Indiana,Bloomington Indiana,1901,2024,124,3048,1928,1120,.633,13.82,8.19,29,22,0,41,8,5
174,Indiana State,Terre Haute Indiana,1900,2024,102,2330,1215,1115,.521,0.11,1.77,1,3,3,4,1,0
175,Iona,New Rochelle New York,1954,2024,71,1968,1115,853,.567,-3.81,-3.59,1,13,14,16,0,0
176,Iowa,Iowa City Iowa,1893,2024,127,2992,1759,1232,.588,11.51,7.46,21,8,3,29,3,0
177,Iowa State,Ames Iowa,1908,2024,117,2858,1458,1400,.510,7.11,6.54,11,6,7,23,1,0
178,IUPUI,Indianapolis Indiana,1999,2024,26,797,340,457,.427,-7.18,-3.06,0,1,1,1,0,0
179,Jackson State,Jackson Mississippi,1978,2024,47,1409,661,748,.469,-11.13,-8.64,0,7,4,3,0,0
180,Jacksonville,Jacksonville Florida,1967,2024,58,1679,825,854,.491,-3.90,-2.27,2,2,2,5,1,0
181,Jacksonville State,Jacksonville Alabama,1996,2024,29,866,387,479,.447,-8.53,-6.05,0,1,1,2,0,0
182,James Madison,Harrisonburg Virginia,1977,2024,48,1435,747,688,.521,-2.07,-2.29,0,8,4,6,0,0
183,John Carroll Blue Streaks,University Heights Ohio,1948,1955,8,191,80,111,.419,-9.27,-0.20,0,0,0,0,0,0
184,Kalamazoo Hornets,Kalamazoo Michigan,1908,1923,16,193,134,59,.694,,,0,0,0,0,0,0
185,Kansas,Lawrence Kansas,1899,2024,126,3304,2408,896,.729,15.89,7.37,49,64,16,52,16,4
186,Kansas City,Kansas City Missouri,1990,2024,35,1040,448,592,.431,-6.85,-3.32,0,0,0,0,0,0
187,Kansas State,Manhattan Kansas,1906,2024,119,2973,1736,1237,.584,10.31,6.45,17,19,2,32,4,0
188,Kennesaw State,Kennesaw Georgia,2010,2024,15,463,144,319,.311,-12.05,-3.39,0,1,1,1,0,0
189,Kent State,Kent Ohio,1914,2024,105,2561,1287,1274,.503,-1.83,-0.42,0,9,7,7,0,0
190,Kentucky,Lexington Kentucky,1903,2024,121,3160,2400,759,.760,17.60,6.83,55,56,33,62,17,8
191,Kentucky Wesleyan Panthers,Owensboro Kentucky,1957,1958,2,52,30,22,.577,-4.61,-2.27,0,0,0,0,0,0
192,La Salle,Philadelphia Pennsylvania,1932,2024,93,2517,1439,1078,.572,2.47,0.67,6,9,8,12,2,1
193,Lafayette,Easton Pennsylvania,1901,2024,114,2745,1393,1352,.507,-8.18,-6.84,0,18,3,4,0,0
194,Lake Forest Foresters,Lake Forest Illinois,1905,1916,12,144,89,55,.618,,,0,0,0,0,0,0
195,Lamar,Beaumont Texas,1970,2024,55,1607,802,805,.499,-5.36,-4.17,0,9,4,6,0,0
196,Lawrence Tech,Southfield Michigan,1948,1948,1,28,22,6,.786,,,0,0,0,0,0,0
197,Le Moyne,Syracuse New York,2024,2024,1,32,15,17,.469,-11.07,-9.55,0,0,0,0,0,0
198,Lehigh,Bethlehem Pennsylvania,1902,2024,123,2662,1165,1497,.438,-12.83,-7.41,0,4,5,5,0,0
199,Lewis Flyers,Romeoville Illinois,1905,1905,1,25,20,5,.800,,,0,0,0,0,0,0
200,Liberty,Lynchburg Virginia,1989,2024,36,1119,573,546,.512,-8.21,-6.55,0,7,6,5,0,0
201,Lindenwood,St. Charles Missouri,2023,2024,2,63,20,43,.317,-16.76,-6.79,0,0,0,0,0,0
202,Lipscomb,Nashville Tennessee,2004,2024,21,656,351,305,.535,-5.25,-4.42,0,3,1,1,0,0
203,Little Rock,Little Rock Arkansas,1979,2024,46,1380,748,632,.542,-3.67,-3.68,0,14,5,5,0,0
204,Long Beach State,Long Beach California,1970,2024,55,1647,890,757,.540,0.74,1.06,5,15,6,10,0,0
205,Long Island University,Brooklyn New York,1929,2024,79,2126,1162,962,.547,-9.63,-6.50,1,9,6,7,0,0
206,Longwood,Farmville Virginia,2008,2024,17,545,219,326,.402,-12.87,-5.65,0,1,2,2,0,0
207,Louisiana,Lafayette Louisiana,1972,2024,53,1548,903,645,.583,0.51,-1.26,2,10,8,11,0,0
208,Louisiana State,Baton Rouge Louisiana,1909,2024,116,2908,1655,1253,.569,5.93,4.62,13,12,1,24,4,0
209,Louisiana Tech,Ruston Louisiana,1974,2024,51,1541,902,639,.585,0.21,-1.49,1,11,6,5,0,0
210,Louisiana-Monroe,Monroe Louisiana,1974,2024,51,1505,764,741,.508,-5.02,-4.18,0,10,8,7,0,0
211,Louisville,Louisville Kentucky,1912,2024,110,2921,1907,1014,.653,12.94,6.56,35,23,17,43,10,3
212,Loyola (IL),Chicago Illinois,1921,2024,103,2646,1428,1218,.540,0.33,1.52,6,8,4,8,2,1
213,Loyola (LA) Wolfpack,New Orleans Louisiana,1952,1972,20,499,237,262,.475,-6.42,0.29,0,0,0,2,0,0
214,Loyola (MD),Baltimore Maryland,1908,2024,80,1881,848,1033,.451,-9.13,-4.89,0,0,2,2,0,0
215,Loyola Marymount,Los Angeles California,1943,2024,77,2133,933,1200,.437,-3.84,0.51,2,3,2,5,0,0
216,Macalester Scots,St. Paul Minnesota,1896,1899,4,21,8,13,.381,,,0,0,0,0,0,0
217,Maine,Orono Maine,1904,2024,80,1931,844,1087,.437,-12.19,-7.14,0,0,0,0,0,0
218,Manchester Spartans,North Manchester Indiana,1926,1926,1,16,15,1,.938,,,0,0,0,0,0,0
219,Manhattan,Riverdale New York,1905,2024,118,2765,1428,1337,.516,-3.83,-2.59,0,13,5,8,0,0
220,Marietta Pioneers,Marietta Ohio,1908,1920,13,175,109,66,.623,,,0,0,0,0,0,0
221,Marist,Poughkeepsie New York,1982,2024,43,1270,559,711,.440,-7.40,-5.70,0,5,2,2,0,0
222,Marquette,Milwaukee Wisconsin,1917,2024,107,2802,1739,1063,.621,9.29,4.95,24,4,2,36,3,1
223,Marshall,Huntington West Virginia,1919,2024,100,2613,1488,1123,.570,-0.90,-1.25,1,6,4,6,0,0
224,Maryland,College Park Maryland,1924,2024,101,2760,1657,1103,.600,10.17,5.51,24,7,4,30,2,1
225,Maryland-Baltimore County,Baltimore Maryland,1987,2024,38,1124,465,659,.414,-10.71,-6.55,0,3,2,2,0,0
226,Maryland-Eastern Shore,Princess Anne Maryland,1974,2024,44,1275,377,898,.296,-19.51,-9.27,0,1,1,0,0,0
227,Massachusetts,Amherst Massachusetts,1926,2024,65,1872,1017,855,.543,0.81,-0.16,5,15,5,9,1,0
228,Massachusetts Institute of Technology Engineers,Cambridge Massachusetts,1909,1909,1,16,10,6,.625,,,0,0,0,0,0,0
229,Massachusetts-Lowell,Lowell Massachusetts,1906,2024,12,348,174,174,.500,-8.04,-5.85,0,0,0,0,0,0
230,McNeese State,Lake Charles Louisiana,1974,2024,51,1483,709,774,.478,-7.38,-4.95,0,7,3,3,0,0
231,Memphis,Memphis Tennessee,1956,2024,69,2104,1409,695,.670,8.92,3.77,17,18,12,27,3,0
232,Mercer,Macon Georgia,1974,2024,51,1514,727,787,.480,-7.46,-5.11,0,3,3,3,0,0
233,Merchant Marine Mariners,King's Point New York,1946,1947,2,39,13,26,.333,,,0,0,0,0,0,0
234,Merrimack,North Andover Massachusetts,2020,2024,5,146,82,64,.562,-8.65,-7.91,0,3,1,0,0,0
235,Miami (FL),Coral Gables Florida,1949,2024,61,1776,1019,757,.574,3.63,3.68,8,3,1,12,1,0
236,Miami (OH),Oxford Ohio,1906,2024,119,2735,1454,1281,.532,1.73,0.72,1,18,4,17,0,0
237,Michigan,Ann Arbor Michigan,1918,2024,107,2814,1702,1112,.605,10.96,7.90,23,15,3,31,8,1
238,Michigan State,East Lansing Michigan,1899,2024,125,2973,1818,1155,.612,11.83,7.88,25,16,6,37,10,2
239,Middle Tennessee,Murfreesboro Tennessee,1959,2024,66,1895,1040,855,.549,-3.87,-2.65,0,12,7,9,0,0
240,Millikin Big Blue,Decatur Illinois,1910,1921,12,210,150,60,.714,,,0,0,0,0,0,0
241,Millsaps Majors,Jackson Mississippi,1911,1921,11,116,59,57,.509,,,0,0,0,0,0,0
242,Milwaukee,Milwaukee Wisconsin,1974,2024,41,1218,596,622,.489,-4.25,-1.80,0,4,4,4,0,0
243,Minnesota,Minneapolis Minnesota,1896,2024,129,3021,1718,1301,.569,9.61,7.67,10,9,0,14,1,0
244,Minnesota A&M Aggies,St. Paul Minnesota,1896,1903,4,30,27,3,.900,,,0,0,0,0,0,0
245,Mississippi,University Mississippi,1909,2024,114,2787,1389,1396,.499,2.82,4.52,2,3,2,9,0,0
246,Mississippi State,Mississippi State Mississippi,1909,2024,112,2790,1523,1267,.546,4.60,4.52,11,12,5,13,1,0
247,Mississippi Valley State,Itta Bena Mississippi,1980,2024,45,1324,488,836,.369,-15.31,-8.68,0,7,5,5,0,0
248,Missouri,Columbia Missouri,1907,2024,118,2963,1716,1247,.579,8.69,6.21,15,15,8,29,0,0
249,Missouri State,Springfield Missouri,1983,2024,42,1320,778,542,.589,4.20,1.13,0,5,3,6,0,0
250,Monmouth,West Long Branch New Jersey,1984,2024,41,1230,588,642,.478,-7.68,-5.93,0,5,4,4,0,0
251,Montana,Missoula Montana,1912,2024,109,2794,1529,1265,.547,-2.42,-2.67,0,13,11,12,0,0
252,Montana State,Bozeman Montana,1902,2024,113,2777,1525,1252,.549,-5.07,-2.75,0,11,5,5,0,0
253,Morehead State,Morehead Kentucky,1956,2024,69,1938,990,948,.511,-5.62,-3.57,0,11,6,9,0,0
254,Morgan State,Baltimore Maryland,1985,2024,40,1177,445,732,.378,-15.17,-8.92,0,3,2,2,0,0
255,Morris Brown Wolverines,Atlanta Georgia,2002,2003,2,57,13,44,.228,-25.81,-6.02,0,0,0,0,0,0
256,Mount St. Mary's,Emmitsburg Maryland,1989,2024,36,1074,466,608,.434,-9.02,-6.41,0,2,6,6,0,0
257,Mount Union Purple Raiders,Alliance Ohio,1896,1932,37,493,314,179,.637,,,0,0,0,0,0,0
258,Muhlenberg Mules,Allentown Pennsylvania,1901,1963,56,1064,579,484,.545,-10.29,-4.31,0,3,0,0,0,0
259,Murray State,Murray Kentucky,1954,2024,71,2043,1293,750,.633,-0.46,-3.19,3,30,17,18,0,0
260,Muskingum Fighting Muskies,New Concord Ohio,1905,1927,3,48,44,4,.917,,,0,0,0,0,0,0
261,Navy,Annapolis Maryland,1908,2024,117,2602,1476,1126,.567,-4.90,-4.15,1,9,6,11,0,0
262,NC State,Raleigh North Carolina,1913,2024,112,2971,1831,1140,.616,10.92,5.96,18,13,18,29,4,2
263,Nebraska,Lincoln Nebraska,1897,2024,128,3037,1578,1459,.520,5.80,6.32,2,7,1,8,0,0
264,Nebraska Wesleyan Prairie Wolves,Lincoln Nebraska,1906,1917,12,188,134,54,.713,,,0,0,0,0,0,0
265,Nevada,Reno Nevada,1913,2024,69,1851,1050,801,.567,0.95,1.46,4,12,5,11,0,0
266,Nevada-Las Vegas,Las Vegas Nevada,1970,2024,55,1734,1187,547,.685,9.11,3.31,16,13,11,20,4,1
267,New Hampshire,Durham New Hampshire,1927,2024,72,1858,660,1198,.355,-14.23,-6.97,0,1,0,0,0,0
268,New Mexico,Albuquerque New Mexico,1900,2024,118,2741,1583,1158,.578,3.98,2.28,11,12,7,16,0,0
269,New Mexico State,Las Cruces New Mexico,1905,2024,114,2755,1625,1128,.590,1.16,-0.30,5,21,13,26,1,0
270,New Orleans,New Orleans Louisiana,1976,2024,47,1387,737,650,.531,-3.11,-2.68,2,8,4,5,0,0
271,New York University Violets,New York New York,1907,1971,65,1184,725,459,.612,-0.40,-0.08,2,6,0,6,2,0
272,Newberry Wolves,Newberry South Carolina,1921,1921,1,4,2,2,.500,,,0,0,0,0,0,0
273,Niagara,Niagara University New York,1906,2024,118,2861,1538,1322,.538,-3.17,-2.01,2,10,2,3,0,0
274,Nicholls State,Thibodaux Louisiana,1981,2024,44,1261,543,718,.431,-11.47,-5.99,0,5,2,2,0,0
275,NJIT,Newark New Jersey,2010,2024,15,451,198,253,.439,-10.39,-6.17,0,1,0,0,0,0
276,Norfolk State,Norfolk Virginia,1998,2024,27,839,429,410,.511,-10.36,-8.61,0,5,3,3,0,0
277,North Alabama,Florence Alabama,2019,2024,6,181,78,103,.431,-9.53,-4.33,0,0,0,0,0,0
278,North Carolina,Chapel Hill North Carolina,1911,2024,114,3232,2372,860,.734,15.77,7.03,52,40,26,53,21,6
279,North Carolina A&T,Greensboro North Carolina,1974,2024,51,1502,716,786,.477,-12.69,-9.41,0,12,14,10,0,0
280,North Carolina Central,Durham North Carolina,2011,2024,14,432,257,175,.595,-7.56,-8.89,0,4,4,4,0,0
281,North Central Cardinals,Naperville Illinois,1911,1922,8,115,78,37,.678,,,0,0,0,0,0,0
282,North Dakota,Grand Forks North Dakota,1905,2024,31,639,351,288,.549,-8.37,-4.38,0,1,3,1,0,0
283,North Dakota State,Fargo North Dakota,1898,2024,45,895,603,292,.674,-0.90,-3.00,0,4,5,4,0,0
284,North Florida,Jacksonville Florida,2010,2024,15,480,233,247,.485,-6.19,-2.48,0,3,1,1,0,0
285,North Texas,Denton Texas,1922,2024,69,1925,894,1031,.464,-4.05,-0.22,0,5,4,4,0,0
286,Northeastern,Boston Massachusetts,1938,2024,61,1683,864,819,.513,-4.60,-4.09,0,14,9,9,0,0
287,Northeastern Illinois Golden Eagles,Chicago Illinois,1991,1998,8,216,78,138,.361,-14.90,-6.65,0,0,0,0,0,0
288,Northern Arizona,Flagstaff Arizona,1919,2024,85,2058,920,1138,.447,-8.16,-2.99,0,6,2,2,0,0
289,Northern Colorado,Greeley Colorado,1911,2024,45,890,477,413,.536,-4.10,-4.03,0,3,1,1,0,0
290,Northern Illinois,De Kalb Illinois,1927,2024,58,1629,723,906,.444,-4.31,-1.22,0,4,2,3,0,0
291,Northern Iowa,Cedar Falls Iowa,1981,2024,44,1337,709,628,.530,1.19,1.60,1,4,6,8,0,0
292,Northern Kentucky,Highland Heights Kentucky,2013,2024,12,376,211,165,.561,-3.05,-4.08,0,2,4,3,0,0
293,Northwest Missouri State Bearcats,Maryville Missouri,1930,1932,3,97,89,8,.918,,,0,0,0,0,0,0
294,Northwestern,Evanston Illinois,1905,2024,119,2762,1164,1597,.422,3.80,7.50,0,2,0,3,0,0
295,Northwestern State,Natchitoches Louisiana,1977,2024,48,1399,615,784,.440,-10.04,-5.63,0,3,3,3,0,0
296,Notre Dame,Notre Dame Indiana,1897,2024,120,3070,1961,1108,.639,9.90,5.82,25,1,1,37,1,0
297,Oakland,Rochester Michigan,2000,2024,25,810,437,373,.540,-1.60,-1.55,0,5,4,4,0,0
298,Oberlin Yeomen,Oberlin Ohio,1905,1921,7,82,61,21,.744,,,0,0,0,0,0,0
299,Ohio,Athens Ohio,1908,2024,117,2843,1628,1215,.573,0.57,-0.31,0,10,7,14,0,0
300,Ohio State,Columbus Ohio,1899,2024,125,3051,1868,1183,.612,11.94,7.54,24,22,5,35,11,1
301,Ohio Wesleyan Battling Bishops,Delaware Ohio,1929,1935,2,40,35,5,.875,,,0,0,0,0,0,0
302,Oklahoma,Norman Oklahoma,1908,2024,117,2925,1774,1151,.606,9.81,6.64,19,14,7,33,5,0
303,Oklahoma City Chiefs,Oklahoma City Oklahoma,1951,1985,35,948,530,418,.559,0.46,-0.91,3,0,1,11,0,0
304,Oklahoma State,Stillwater Oklahoma,1908,2024,115,2997,1746,1251,.583,8.86,5.99,19,19,4,29,6,2
305,Old Dominion,Norfolk Virginia,1977,2024,48,1499,895,604,.597,2.77,-0.14,0,9,7,12,0,0
306,Omaha,Omaha Nebraska,2013,2024,12,371,156,215,.420,-7.60,-2.52,0,0,0,0,0,0
307,Oral Roberts,Tulsa Oklahoma,1972,2024,49,1471,832,639,.566,0.44,-1.17,2,8,7,7,0,0
308,Oregon,Eugene Oregon,1903,2024,119,3198,1777,1420,.556,6.45,5.98,6,8,6,18,2,1
309,Oregon State,Corvallis Oregon,1902,2024,123,3259,1825,1434,.560,6.00,5.70,8,12,1,18,2,0
310,Pacific,Stockton California,1938,2024,74,2095,1045,1050,.499,-1.42,-0.02,1,10,5,9,0,0
311,Penn State,University Park Pennsylvania,1897,2024,128,2821,1561,1259,.554,2.92,2.51,2,1,1,10,1,0
312,Pennsylvania,Philadelphia Pennsylvania,1897,2024,122,3009,1841,1167,.612,0.09,-2.89,6,38,1,24,1,0
313,Pepperdine,Malibu California,1944,2024,70,2021,988,1033,.489,-2.22,0.29,1,12,3,13,0,0
314,Phillips Haymakers,Enid Oklahoma,1920,1920,1,3,2,1,.667,,,0,0,0,0,0,0
315,Pittsburg State Gorillas,Pittsburg Kansas,1927,1931,5,103,86,17,.835,,,0,0,0,0,0,0
316,Pittsburgh,Pittsburgh Pennsylvania,1906,2024,117,2942,1698,1244,.577,5.38,4.28,13,11,4,27,1,0
317,Portland,Portland Oregon,1954,2024,71,2018,846,1172,.419,-5.28,0.77,0,0,1,2,0,0
318,Portland State,Portland Oregon,1973,2024,35,1016,494,522,.486,-5.96,-3.04,0,2,2,2,0,0
319,Prairie View,Prairie View Texas,1981,2024,44,1277,395,882,.309,-19.81,-8.17,0,4,2,2,0,0
320,Pratt Institute Cannoneers,Brooklyn New York,1934,1934,1,14,8,6,.571,,,0,0,0,0,0,0
321,Presbyterian,Clinton South Carolina,2011,2024,14,436,146,290,.335,-13.07,-5.44,0,0,0,0,0,0
322,Princeton,Princeton New Jersey,1901,2024,123,2956,1831,1124,.620,1.50,-3.53,4,33,2,26,1,0
323,Providence,Providence Rhode Island,1929,2024,75,2179,1336,843,.613,7.79,4.58,7,1,2,22,2,0
324,Purdue,West Lafayette Indiana,1897,2024,126,3011,1947,1064,.647,12.25,7.77,26,26,2,35,3,0
325,Purdue Fort Wayne,Fort Wayne Indiana,2003,2024,22,686,332,354,.484,-6.03,-3.15,0,2,0,0,0,0
326,Queens (NC),Charlotte North Carolina,2023,2024,2,66,32,34,.485,-6.45,-3.87,0,0,0,0,0,0
327,Quinnipiac,Hamden Connecticut,1999,2024,26,779,381,398,.489,-7.77,-6.63,0,2,0,0,0,0
328,Radford,Radford Virginia,1985,2024,40,1208,629,579,.521,-8.63,-6.79,0,6,3,3,0,0
329,Regis (CO) Rangers,Denver Colorado,1962,1964,3,66,37,29,.561,-4.78,0.03,0,0,0,0,0,0
330,Rensselaer Engineers,Troy New York,1901,1924,4,39,28,11,.718,,,0,0,0,0,0,0
331,Rhode Island,Kingston Rhode Island,1904,2024,118,2799,1581,1218,.565,-1.01,-0.48,0,15,2,10,0,0
332,Rice,Houston Texas,1915,2024,110,2714,1189,1525,.438,-3.24,0.75,0,10,0,4,0,0
333,Richmond,Richmond Virginia,1913,2024,112,2741,1473,1268,.537,-1.71,-1.24,1,7,7,10,0,0
334,Rider,Lawrenceville New Jersey,1929,2024,61,1737,906,831,.522,-7.33,-5.96,0,12,3,3,0,0
335,Ripon Red Hawks,Ripon Wisconsin,1902,1922,5,59,46,13,.780,,,0,0,0,0,0,0
336,Roanoke Maroons,Salem Virginia,1912,1919,8,92,67,25,.728,,,0,0,0,0,0,0
337,Robert Morris,Moon Township Pennsylvania,1977,2024,48,1434,687,747,.479,-8.86,-6.66,0,11,9,8,0,0
338,Rochester (NY) Yellowjackets,Rochester New York,1910,1944,7,111,74,37,.667,,,0,0,0,0,0,0
339,Rose-Hulman Fightin' Engineers,Terre Haute Indiana,1898,1898,1,4,2,2,.500,,,0,0,0,0,0,0
340,Rutgers,New Brunswick New Jersey,1914,2024,110,2609,1328,1281,.509,-0.26,1.07,2,9,2,8,1,0
341,Sacramento State,Sacramento California,1992,2024,33,945,302,643,.320,-11.86,-3.14,0,0,0,0,0,0
342,Sacred Heart,Fairfield Connecticut,2000,2024,25,743,295,448,.397,-11.12,-7.34,0,0,0,0,0,0
343,Saint Francis (PA),Loretto Pennsylvania,1956,2024,69,1888,836,1052,.443,-9.42,-4.66,0,2,1,1,0,0
344,Saint Joseph's,Philadelphia Pennsylvania,1910,2024,115,2924,1705,1219,.583,3.70,1.88,6,20,6,21,1,0
345,Saint Louis,St. Louis Missouri,1916,2024,108,2807,1525,1282,.543,5.10,3.93,10,7,3,10,0,0
346,Saint Mary's (CA),Moraga California,1910,2024,115,2741,1460,1281,.533,-0.20,0.60,7,9,5,13,0,0
347,Saint Peter's,Jersey City New Jersey,1966,2024,59,1699,849,850,.500,-5.03,-4.06,0,6,5,5,0,0
348,Sam Houston,Huntsville Texas,1987,2024,38,1142,616,526,.539,-6.19,-5.00,0,7,2,2,0,0
349,Samford,Birmingham Alabama,1973,2024,52,1510,680,830,.450,-8.48,-5.10,0,5,3,3,0,0
350,San Diego,San Diego California,1980,2024,45,1322,647,675,.489,-0.63,0.75,0,2,2,4,0,0
351,San Diego State,San Diego California,1971,2024,54,1645,931,714,.566,4.41,3.56,7,11,9,16,1,0
352,San Francisco,San Francisco California,1924,2024,97,2558,1486,1072,.581,2.74,0.78,9,15,1,17,3,2
353,San Jose State,San Jose California,1938,2024,74,2039,804,1235,.394,-4.27,0.95,0,1,2,2,0,0
354,Santa Clara,Santa Clara California,1909,2024,115,2753,1585,1168,.576,1.57,0.70,2,11,2,11,1,0
355,Savage School of Physical Education,New York New York,1896,1898,2,8,6,2,.750,,,0,0,0,0,0,0
356,Savannah State Tigers,Savannah Georgia,2003,2019,17,513,189,324,.368,-16.73,-5.37,0,2,0,0,0,0
357,Scranton Royals,Scranton Pennsylvania,1948,1948,1,27,7,20,.259,,,0,0,0,0,0,0
358,Seattle,Seattle Washington,1953,2024,42,1189,704,485,.592,1.01,-1.31,5,1,0,11,1,0
359,Seton Hall,South Orange New Jersey,1909,2024,111,2758,1612,1145,.585,4.09,3.88,8,4,3,14,1,0
360,Sewanee Tigers,Sewanee Tennessee,1923,1941,19,248,48,200,.194,,,0,0,0,0,0,0
361,Siena,Loudonville New York,1939,2024,66,1822,986,836,.541,-4.38,-3.60,1,11,6,6,0,0
362,South Alabama,Mobile Alabama,1972,2024,53,1565,880,685,.562,-0.96,-1.76,0,12,5,8,0,0
363,South Carolina,Columbia South Carolina,1909,2024,116,2831,1505,1325,.532,4.26,3.68,9,7,2,10,1,0
364,South Carolina State,Orangeburg South Carolina,1972,2024,53,1560,733,827,.470,-13.51,-10.20,0,8,5,5,0,0
365,South Carolina Upstate,Spartanburg South Carolina,2011,2024,14,446,184,262,.413,-9.11,-4.26,0,0,0,0,0,0
366,South Dakota,Vermillion South Dakota,2011,2024,14,436,219,217,.502,-5.28,-3.63,0,1,0,0,0,0
367,South Dakota State,Brookings South Dakota,2009,2024,16,525,346,179,.659,1.93,-2.67,0,9,7,7,0,0
368,South Florida,Tampa Florida,1974,2024,51,1512,693,819,.458,1.29,3.08,0,2,1,3,0,0
369,Southeast Missouri State,Cape Girardeau Missouri,1992,2024,33,985,407,578,.413,-9.08,-4.95,0,1,2,2,0,0
370,Southeastern Louisiana,Hammond Louisiana,1981,2024,43,1254,550,704,.439,-10.98,-6.36,0,5,1,1,0,0
371,Southern,Baton Rouge Louisiana,1978,2024,47,1393,724,669,.520,-10.10,-9.85,0,8,9,9,0,0
372,Southern California,Los Angeles California,1907,2024,118,2996,1729,1267,.577,8.23,6.34,11,7,1,21,2,0
373,Southern Illinois,Carbondale Illinois,1968,2024,57,1703,948,755,.557,2.61,1.95,1,9,5,10,0,0
374,Southern Illinois-Edwardsville,Edwardsville Illinois,2011,2024,14,416,145,271,.349,-12.12,-4.96,0,0,0,0,0,0
375,Southern Indiana,Evansville Indiana,2023,2024,2,65,24,41,.369,-11.25,-6.36,0,0,0,0,0,0
376,Southern Methodist,Dallas Texas,1917,2024,108,2716,1430,1286,.527,2.82,1.96,5,15,3,12,1,0
377,Southern Mississippi,Hattiesburg Mississippi,1973,2024,52,1541,789,752,.512,0.17,1.55,1,3,0,3,0,0
378,Southern Utah,Cedar City Utah,1989,2024,36,1064,475,589,.446,-6.72,-3.55,0,3,3,1,0,0
379,Southwestern (KS) Moundbuilders,Winfield Kansas,1905,1923,19,289,212,77,.734,,,0,0,0,0,0,0
380,Southwestern (TX) Pirates,Georgetown Texas,1915,1916,2,10,1,9,.100,,,0,0,0,0,0,0
381,Springfield Pride,Springfield Massachusetts,1897,1935,30,406,268,138,.660,,,0,0,0,0,0,0
382,St. Bonaventure,St. Bonaventure New York,1920,2024,104,2550,1454,1096,.570,2.29,1.58,6,8,2,8,1,0
383,St. Francis (NY) Terriers,Brooklyn Heights New York,1902,2023,104,2619,1273,1346,.486,-11.69,-5.77,0,6,0,0,0,0
384,St. John's (NY),Queens New York,1908,2024,117,3087,1988,1099,.644,8.61,5.17,15,14,3,30,2,0
385,St. John's College (OH),Toledo Ohio,1921,1921,1,15,15,0,1.000,,,0,0,0,0,0,0
386,St. Lawrence Saints,Canton New York,1902,1914,7,99,70,29,.707,,,0,0,0,0,0,0
387,St. Thomas,St. Paul Minnesota,2022,2024,3,96,49,47,.510,-5.05,-5.32,0,0,0,0,0,0
388,Stanford,Stanford California,1914,2024,109,2848,1607,1241,.564,7.92,6.22,10,11,1,17,2,1
389,Stephen F. Austin,Nacogdoches Texas,1987,2024,38,1121,652,469,.582,-5.08,-6.29,0,10,5,5,0,0
390,Stetson,DeLand Florida,1972,2024,53,1529,699,830,.457,-8.13,-4.44,0,0,1,1,0,0
391,Stevens Institute Ducks,Hoboken New Jersey,1917,1920,4,48,37,11,.771,,,0,0,0,0,0,0
392,Stonehill,Easton Massachusetts,2023,2024,2,62,18,44,.290,-16.48,-7.35,0,0,0,0,0,0
393,Stony Brook,Stony Brook New York,2000,2024,25,772,389,383,.504,-6.42,-5.23,0,4,1,1,0,0
394,SUNY-Potsdam Bears,Potsdam New York,1910,1913,2,32,22,10,.688,,,0,0,0,0,0,0
395,Swarthmore Garnet,Swarthmore Pennsylvania,1906,1919,11,133,92,41,.692,,,0,0,0,0,0,0
396,Syracuse,Syracuse New York,1901,2024,123,3070,2094,976,.682,9.66,4.12,30,10,5,41,6,1
397,Tarleton State,Stephenville Texas,2021,2024,4,120,66,54,.550,-2.45,-0.69,0,0,0,0,0,0
398,TCU,Fort Worth Texas,1914,2024,111,2785,1315,1470,.472,0.83,2.31,4,11,0,11,0,0
399,Temple,Philadelphia Pennsylvania,1895,2024,128,3149,1994,1155,.633,6.23,2.70,9,20,10,33,2,0
400,Tennessee,Knoxville Tennessee,1909,2024,115,2874,1770,1102,.616,9.05,5.44,16,14,5,26,0,0
401,Tennessee State,Nashville Tennessee,1978,2024,47,1357,583,774,.430,-8.75,-4.94,0,2,2,2,0,0
402,Tennessee Tech,Cookeville Tennessee,1944,2024,70,1927,927,1000,.481,-6.86,-3.71,0,7,1,2,0,0
403,Tennessee-Martin,Martin Tennessee,1993,2024,32,948,370,578,.390,-11.15,-4.41,0,4,0,0,0,0
404,Texas,Austin Texas,1906,2024,118,3039,1899,1140,.625,6.87,3.98,14,25,4,38,3,0
405,Texas A&M,College Station Texas,1913,2024,112,2858,1521,1337,.532,2.87,2.77,5,12,2,16,0,0
406,Texas A&M-Commerce,Commerce Texas,2023,2024,2,66,26,40,.394,-12.81,-6.36,0,0,0,0,0,0
407,Texas A&M-Corpus Christi,Corpus Christi Texas,2003,2024,22,685,360,325,.526,-6.44,-5.20,0,2,3,3,0,0
408,Texas Southern,Houston Texas,1978,2024,47,1418,706,712,.498,-10.26,-8.26,0,12,11,11,0,0
409,Texas State,San Marcos Texas,1985,2024,40,1185,558,627,.471,-7.64,-5.23,0,5,2,2,0,0
410,Texas Tech,Lubbock Texas,1926,2024,96,2613,1476,1137,.565,4.99,2.92,8,13,5,20,1,0
411,Texas Wesleyan Rams,Fort Worth Texas,1948,1948,1,30,19,11,.633,,,0,0,0,0,0,0
412,Texas-Rio Grande Valley,Edinburg Texas,1969,2024,56,1583,671,912,.424,-8.46,-3.06,0,0,0,0,0,0
413,The Citadel,Charleston South Carolina,1913,2024,112,2512,1050,1462,.418,-12.78,-5.32,0,0,0,0,0,0
414,Toledo,Toledo Ohio,1916,2024,109,2699,1565,1134,.580,1.09,-0.37,2,16,1,4,0,0
415,Towson,Towson Maryland,1980,2024,45,1339,585,754,.437,-7.19,-4.15,0,5,3,2,0,0
416,Trinity (CT) Bantams,Hartford Connecticut,1897,1911,8,81,28,53,.346,,,0,0,0,0,0,0
417,Trinity (TX) Tigers,San Antonio Texas,1971,1973,3,70,25,45,.357,-24.37,-5.64,0,0,0,0,0,0
418,Troy,Troy Alabama,1994,2024,31,934,451,483,.483,-6.97,-4.76,0,6,2,2,0,0
419,Tulane,New Orleans Louisiana,1906,2024,114,2662,1289,1373,.484,-0.84,1.34,1,6,0,3,0,0
420,Tulsa,Tulsa Oklahoma,1914,2024,111,2754,1514,1240,.550,4.76,3.20,5,11,6,16,0,0
421,U.S. International Gulls,San Diego California,1982,1991,10,279,69,210,.247,-18.06,-5.34,0,0,0,0,0,0
422,UAB,Birmingham Alabama,1980,2024,45,1458,921,537,.632,6.53,2.42,2,7,7,17,0,0
423,UC Davis,Davis California,2008,2024,17,519,241,278,.464,-5.40,-2.70,0,2,1,1,0,0
424,UC Irvine,Irvine California,1978,2024,47,1422,727,695,.511,-0.95,0.13,0,9,2,2,0,0
425,UC Riverside,Riverside California,2002,2024,23,685,266,419,.388,-7.03,-1.98,0,0,0,0,0,0
426,UC San Diego,La Jolla California,2021,2024,4,109,51,58,.468,-4.72,-1.59,0,0,0,0,0,0
427,UC Santa Barbara,Santa Barbara California,1964,2024,61,1741,943,798,.542,-0.17,-0.19,0,6,5,7,0,0
428,UCF,Orlando Florida,1985,2024,40,1199,608,591,.507,-2.73,-1.70,0,1,4,5,0,0
429,UCLA,Los Angeles California,1920,2024,105,2914,2005,909,.688,15.53,7.04,43,32,4,52,19,11
430,UNC Asheville,Asheville North Carolina,1987,2024,38,1140,564,576,.495,-9.17,-5.53,0,8,6,5,0,0
431,UNC Greensboro,Greensboro North Carolina,1992,2024,33,1013,503,510,.497,-5.52,-4.04,0,7,4,4,0,0
432,UNC Wilmington,Wilmington North Carolina,1977,2024,48,1428,751,677,.526,-2.81,-2.60,0,9,6,6,0,0
433,Union (NY) Dutchmen,Schenectady New York,1907,1925,19,266,162,104,.609,,,0,0,0,0,0,0
434,UT Arlington,Arlington Texas,1969,2024,56,1618,745,873,.460,-7.67,-4.20,0,3,1,1,0,0
435,Utah,Salt Lake City Utah,1909,2024,116,2979,1897,1082,.637,8.30,3.88,21,30,5,29,4,1
436,Utah State,Logan Utah,1904,2024,119,2889,1720,1169,.595,4.30,1.13,6,17,10,24,0,0
437,Utah Tech,St. George Utah,2021,2024,4,116,46,70,.397,-7.70,-1.04,0,0,0,0,0,0
438,Utah Valley,Orem Utah,2010,2024,15,473,259,214,.548,-4.21,-3.84,0,5,0,0,0,0
439,UTEP,El Paso Texas,1923,2024,96,2494,1416,1078,.568,2.58,0.69,4,11,5,17,1,1
440,Utica Pioneers,Utica New York,1982,1987,6,158,64,94,.405,-12.94,-7.34,0,0,0,0,0,0
441,UTSA,San Antonio Texas,1982,2024,43,1276,622,654,.487,-5.93,-4.10,0,3,4,4,0,0
442,Valparaiso,Valparaiso Indiana,1918,2024,89,2292,1190,1102,.519,-4.23,-1.45,0,14,10,9,0,0
443,Vanderbilt,Nashville Tennessee,1901,2024,122,2934,1676,1258,.571,8.20,5.11,11,3,3,15,0,0
444,Vermont,Burlington Vermont,1921,2024,69,1895,1039,856,.548,-9.28,-7.00,0,15,10,10,0,0
445,Villanova,Villanova Pennsylvania,1921,2024,104,2876,1886,990,.656,10.54,5.90,26,14,8,41,7,3
446,Virginia,Charlottesville Virginia,1906,2024,119,2958,1742,1215,.589,7.11,5.61,16,12,3,26,3,1
447,Virginia Commonwealth,Richmond Virginia,1974,2024,51,1580,1028,551,.651,5.63,0.95,3,11,10,19,1,0
448,Virginia Military Institute,Lexington Virginia,1909,2024,116,2584,946,1638,.366,-12.81,-4.65,1,2,3,3,0,0
449,Virginia Tech,Blacksburg Virginia,1909,2024,116,2842,1556,1286,.548,4.26,1.79,3,2,2,13,0,0
450,Wabash Little Giants,Crawfordsville Indiana,1897,1925,29,407,301,106,.740,,,0,0,0,0,0,0
451,Wagner,Staten Island New York,1966,2024,52,1488,731,757,.491,-9.60,-7.54,0,4,2,2,0,0
452,Wake Forest,Winston-Salem North Carolina,1906,2024,118,2929,1621,1308,.553,8.10,6.22,17,4,5,23,1,0
453,Washburn Ichabods,Topeka Kansas,1906,1941,35,557,270,283,.488,,,0,0,0,0,0,0
454,Washington,Seattle Washington,1896,2024,123,3137,1867,1270,.595,7.45,6.18,8,12,3,17,1,0
455,Washington & Jefferson Presidents,Washington Pennsylvania,1913,1944,10,128,73,55,.570,,,0,0,0,0,0,0
456,Washington & Lee Generals,Lexington Virginia,1907,1959,51,905,472,432,.522,-15.24,-5.60,0,3,2,0,0,0
457,Washington (MO) Bears,St. Louis Missouri,1905,1960,52,921,433,488,.470,-5.22,-1.75,0,2,0,0,0,0
458,Washington College Shoremen,Chestertown Maryland,1913,1925,13,151,109,42,.722,,,0,0,0,0,0,0
459,Washington State,Pullman Washington,1902,2024,123,3285,1687,1598,.514,3.41,4.97,4,2,0,7,1,0
460,Wayne State (MI) Warriors,Detroit Michigan,1928,1950,5,104,47,57,.452,,,0,0,0,0,0,0
461,Weber State,Ogden Utah,1964,2024,61,1801,1127,674,.626,0.17,-2.68,1,22,10,16,0,0
462,Wesleyan (CT) Cardinals,Middletown Connecticut,1896,1913,13,171,97,74,.567,,,0,0,0,0,0,0
463,West Chester Golden Rams,West Chester Pennsylvania,1899,1982,10,244,86,158,.352,-17.61,-8.15,0,1,0,0,0,0
464,West Texas A&M Buffaloes,Canyon Texas,1921,1986,54,1275,707,568,.555,-6.34,-1.64,0,4,0,1,0,0
465,West Virginia,Morgantown West Virginia,1904,2024,115,3030,1855,1175,.612,7.45,3.07,19,16,13,31,2,0
466,Western Carolina,Cullowhee North Carolina,1977,2024,48,1420,631,789,.444,-8.28,-3.71,0,3,1,1,0,0
467,Western Colorado Mountaineers,Gunnison Colorado,1924,1937,14,189,88,101,.466,,,0,0,0,0,0,0
468,Western Illinois,Macomb Illinois,1982,2024,43,1233,519,714,.421,-8.63,-3.84,0,2,1,0,0,0
469,Western Kentucky,Bowling Green Kentucky,1922,2024,103,2875,1891,984,.658,3.28,-0.13,11,29,20,24,1,0
470,Western Michigan,Kalamazoo Michigan,1914,2024,111,2695,1380,1314,.512,-3.13,-0.22,1,11,2,4,0,0
471,Westminster (MO) Blue Jays,Fulton Missouri,1920,1920,1,17,17,0,1.000,,,0,0,0,0,0,0
472,Westminster (PA) Titans,New Wilmington Pennsylvania,1898,1935,21,294,210,84,.714,,,0,0,0,0,0,0
473,Wheaton (IL) Thunder,Wheaton Illinois,1902,1905,4,57,39,17,.696,,,0,0,0,0,0,0
474,Whittier Poets,Whittier California,1909,1915,3,42,38,3,.927,,,0,0,0,0,0,0
475,Wichita State,Wichita Kansas,1906,2024,117,2936,1672,1264,.569,6.08,3.36,8,12,4,16,2,0
476,Widener Pride,Chester Pennsylvania,1899,1909,5,26,20,6,.769,,,0,0,0,0,0,0
477,William & Mary,Williamsburg Virginia,1906,2024,119,2783,1289,1494,.463,-5.72,-2.66,0,3,0,0,0,0
478,Williams Ephs,Williamstown Massachusetts,1901,1911,10,161,136,24,.850,,,0,0,0,0,0,0
479,Winthrop,Rock Hill South Carolina,1987,2024,38,1149,637,512,.554,-6.93,-6.54,1,12,13,11,0,0
480,Wisconsin,Madison Wisconsin,1899,2024,126,2994,1720,1274,.574,8.94,7.91,18,20,3,27,4,1
481,Wisconsin-Stevens Point Pointers,Stevens Point Wisconsin,1898,1918,21,156,98,58,.628,,,0,0,0,0,0,0
482,Wisconsin-Superior Yellowjackets,Superior Wisconsin,1900,1901,2,14,10,4,.714,,,0,0,0,0,0,0
483,Wittenberg Tigers,Springfield Ohio,1931,1931,1,20,18,2,.900,,,0,0,0,0,0,0
484,Wofford,Spartanburg South Carolina,1996,2024,29,893,454,439,.508,-4.71,-2.58,1,4,5,5,0,0
485,Wooster Fighting Scots,Wooster Ohio,1901,1931,31,390,225,165,.577,,,0,0,0,0,0,0
486,WPI Engineers,Worcester Massachusetts,1920,1920,1,16,14,2,.875,,,0,0,0,0,0,0
487,Wright State,Dayton Ohio,1988,2024,37,1128,631,497,.559,-1.33,-2.56,0,4,4,4,0,0
488,Wyoming,Laramie Wyoming,1905,2024,119,2876,1609,1267,.559,2.72,2.74,4,21,3,16,1,1
489,Xavier,Cincinnati Ohio,1920,2024,103,2697,1611,1086,.597,6.07,4.00,13,18,9,29,0,0
490,Yale,New Haven Connecticut,1896,2024,128,3086,1566,1517,.508,-5.99,-4.44,1,16,3,7,0,0
491,Youngstown State,Youngstown Ohio,1948,2024,44,1292,530,762,.410,-7.97,-3.52,0,1,0,0,0,0